pid,measure,feature,feature_value
55,1,1,-0.005918012042464671
55,1,2,0.08579956603118166
55,1,3,-0.23976488845333277
55,1,4,-0.9447782343821036
55,1,5,0.9107031198896658
55,1,6,0.061001460512746464
55,1,7,-0.40218875302162094
55,1,8,-0.6999688120957606
55,1,9,0.6800644520444936
55,1,10,0.9604113254238205
55,1,11,0.06701268628512524
55,1,12,-0.9959751977538399
55,1,13,-0.34299147851024236
55,1,14,0.5357070941662254
55,1,15,0.14814146068330158
55,1,16,-0.7958633117019314
55,1,17,-0.06434995796016418
55,1,18,-0.4979706666102752
55,1,19,-0.49986008081842326
55,2,1,0.006453436439253224
55,2,2,0.05543190318036273
55,2,3,-0.24441601203861973
55,2,4,-0.942809556462849
55,2,5,0.9159765227591599
55,2,6,0.059013361012536736
55,2,7,-0.41935605037208823
55,2,8,-0.7009961841522758
55,2,9,0.6871518502925389
55,2,10,0.9594061353760102
55,2,11,0.06947301610399048
55,2,12,-0.9907589751734522
55,2,13,-0.34470146491464293
55,2,14,0.5458439763843435
55,2,15,0.14077900552731304
55,2,16,-0.8056340428963571
55,2,17,-0.07215585611684416
55,2,18,-0.5127286034685465
55,2,19,-0.47601461863384376
55,3,1,-0.02658178548508927
55,3,2,0.08895000278753917
55,3,3,-0.23335359783061893
55,3,4,-0.9494728347044525
55,3,5,0.914003605611575
55,3,6,0.07560392613667144
55,3,7,-0.3936436517481814
55,3,8,-0.7014633865489581
55,3,9,0.6767911762532626
55,3,10,0.9573066328987483
55,3,11,0.06721084556289081
55,3,12,-0.9937136187329725
55,3,13,-0.33510128872048295
55,3,14,0.5364971680229487
55,3,15,0.1642385007604239
55,3,16,-0.7947024532463639
55,3,17,-0.06214260162724261
55,3,18,-0.48721258956170865
55,3,19,-0.5181724627516013
55,4,1,0.01529055153395742
55,4,2,0.0645204143737248
55,4,3,-0.2519659791081955
55,4,4,-0.9444390961156789
55,4,5,0.9125904637770017
55,4,6,0.06568984987265791
55,4,7,-0.4049482934912416
55,4,8,-0.70424264435965
55,4,9,0.6822911313716649
55,4,10,0.9548125864266515
55,4,11,0.07184323767416023
55,4,12,-0.9784989296687868
55,4,13,-0.3331973822666475
55,4,14,0.5428759250328947
55,4,15,0.15094723831773416
55,4,16,-0.7972156255393001
55,4,17,-0.07065063429946827
55,4,18,-0.5060640435997731
55,4,19,-0.479450759662323
55,5,1,0.05319891430404855
55,5,2,0.046595182432479954
55,5,3,-0.2496712749543285
55,5,4,-0.9233120637445863
55,5,5,0.9078693436309122
55,5,6,0.045077735863640056
55,5,7,-0.3967769344178066
55,5,8,-0.7020791591106117
55,5,9,0.7018120877258023
55,5,10,0.9715261877590704
55,5,11,0.07325854841625135
55,5,12,-0.9727515219199406
55,5,13,-0.3176972846904558
55,5,14,0.5303859753313389
55,5,15,0.14147364745325164
55,5,16,-0.8025794324176058
55,5,17,-0.0906931143249391
55,5,18,-0.5244556892440573
55,5,19,-0.4370924887725761
55,6,1,0.046454794964053026
55,6,2,0.042549972738311403
55,6,3,-0.2354105108511676
55,6,4,-0.9384930361555403
55,6,5,0.9135274318247053
55,6,6,0.05071748693023714
55,6,7,-0.4191212168399303
55,6,8,-0.7050721528985157
55,6,9,0.6988363466113359
55,6,10,0.95543802048543
55,6,11,0.07184304050074952
55,6,12,-0.99444394904625
55,6,13,-0.34210557837591304
55,6,14,0.5505120568829516
55,6,15,0.1387339229114073
55,6,16,-0.8035230057745681
55,6,17,-0.08071337931515854
55,6,18,-0.5288208127971062
55,6,19,-0.44367886938400214
55,7,1,0.03001703923322019
55,7,2,0.06667591409962914
55,7,3,-0.23158100886831778
55,7,4,-0.9453028142413031
55,7,5,0.9144194443347666
55,7,6,0.06269005360208468
55,7,7,-0.4081119408661167
55,7,8,-0.7168271387116423
55,7,9,0.688674029023236
55,7,10,0.9564739695853113
55,7,11,0.07554832323485061
55,7,12,-0.9831596161644931
55,7,13,-0.3407819532698029
55,7,14,0.5479807446362301
55,7,15,0.15068894114970144
55,7,16,-0.7891295439659982
55,7,17,-0.0741930517963213
55,7,18,-0.5067784028667831
55,7,19,-0.4599592807330868
55,8,1,0.05824872252579527
55,8,2,0.04474963930821518
55,8,3,-0.2396966664532264
55,8,4,-0.9441013380631293
55,8,5,0.9181726402076709
55,8,6,0.04588279489957747
55,8,7,-0.4421269174682875
55,8,8,-0.719876031161483
55,8,9,0.7107769711906475
55,8,10,0.9565325300882928
55,8,11,0.07569659763970615
55,8,12,-0.9918584141115827
55,8,13,-0.3575217786658468
55,8,14,0.5482323379082987
55,8,15,0.13154024819498833
55,8,16,-0.79570093939821
55,8,17,-0.08694386192024917
55,8,18,-0.5234196415574708
55,8,19,-0.4163251992893279
55,9,1,-0.0035633671717411053
55,9,2,0.0636723715342522
55,9,3,-0.23724954725287895
55,9,4,-0.9383357903604977
55,9,5,0.9134919406107771
55,9,6,0.057350400466591234
55,9,7,-0.39697627673603675
55,9,8,-0.6966771005906283
55,9,9,0.6770833872479378
55,9,10,0.9592091591387091
55,9,11,0.07504769994505267
55,9,12,-0.9903161236929929
55,9,13,-0.3453948252134119
55,9,14,0.5426261063215225
55,9,15,0.14748507039904113
55,9,16,-0.806345937495733
55,9,17,-0.06658669313128185
55,9,18,-0.49202795859811876
55,9,19,-0.5014420030925664
55,10,1,-0.03288049009028615
55,10,2,0.05426384789530436
55,10,3,-0.22455295981689694
55,10,4,-0.9505900192495471
55,10,5,0.9118435708972243
55,10,6,0.0721161256745857
55,10,7,-0.40180850409906255
55,10,8,-0.6957504841469866
55,10,9,0.6754052443493674
55,10,10,0.9577619063040825
55,10,11,0.06102551566885306
55,10,12,-1.0
55,10,13,-0.34531536432889487
55,10,14,0.5397479660453584
55,10,15,0.14815723455615837
55,10,16,-0.8001765786479632
55,10,17,-0.07292029743017481
55,10,18,-0.49856110238865237
55,10,19,-0.518269274896261
55,11,1,-0.02395602717463663
55,11,2,0.07261024224183021
55,11,3,-0.23715293228163004
55,11,4,-0.9511954402071385
55,11,5,0.9173382023335375
55,11,6,0.07446879881120205
55,11,7,-0.39015387955198844
55,11,8,-0.7001110727115896
55,11,9,0.6749834904238543
55,11,10,0.9528942863138341
55,11,11,0.06601124253211865
55,11,12,-0.9894229281424672
55,11,13,-0.3332550554892808
55,11,14,0.5469530768195987
55,11,15,0.1701223525094826
55,11,16,-0.7992299491031345
55,11,17,-0.06084796101250711
55,11,18,-0.48291351910124813
55,11,19,-0.5212870139472089
55,12,1,-0.011341069530689363
55,12,2,0.052041703556579444
55,12,3,-0.23051903287822217
55,12,4,-0.9416066014840947
55,12,5,0.9074990519655945
55,12,6,0.07301760250836131
55,12,7,-0.394727908333687
55,12,8,-0.6965017148418002
55,12,9,0.6868623997256136
55,12,10,0.9611130655925448
55,12,11,0.06695767490353655
55,12,12,-0.9920142796927506
55,12,13,-0.3369483106453284
55,12,14,0.5382100134418044
55,12,15,0.15530358765400654
55,12,16,-0.8048861641495263
55,12,17,-0.07379673324078995
55,12,18,-0.50505382562999
55,12,19,-0.4970270932533123
55,13,1,0.018993073840308572
55,13,2,0.09077898334530432
55,13,3,-0.24708810610058973
55,13,4,-0.9432891807844062
55,13,5,0.9127651594188926
55,13,6,0.04735035659550735
55,13,7,-0.3987857371261412
55,13,8,-0.7041693944375703
55,13,9,0.6811138089363031
55,13,10,0.955609955699571
55,13,11,0.07451966955116585
55,13,12,-0.9839824208073947
55,13,13,-0.34462387717752774
55,13,14,0.5456793365863988
55,13,15,0.14975000136789052
55,13,16,-0.7946153025988294
55,13,17,-0.060279707242834935
55,13,18,-0.5023021720967975
55,13,19,-0.4838382623974875
55,14,1,0.007670785076989484
55,14,2,0.052511962141127855
55,14,3,-0.23474938840505
55,14,4,-0.930538863594005
55,14,5,0.9098454155530682
55,14,6,0.04543816885842156
55,14,7,-0.414249554794762
55,14,8,-0.6964855466221214
55,14,9,0.6916775715886125
55,14,10,0.9658046097270276
55,14,11,0.06228821419105346
55,14,12,-0.9907942692139696
55,14,13,-0.3317095117094141
55,14,14,0.5409733987929339
55,14,15,0.13413189550538784
55,14,16,-0.7942435321329318
55,14,17,-0.07682354226863097
55,14,18,-0.51863315842573
55,14,19,-0.47004332047713404
55,15,1,0.03596714124827827
55,15,2,0.058094532918618436
55,15,3,-0.24655100572981004
55,15,4,-0.9364668821870632
55,15,5,0.9121111352155609
55,15,6,0.03216465202269614
55,15,7,-0.4071671844686897
55,15,8,-0.6952711555855456
55,15,9,0.6922359666877498
55,15,10,0.9605288407766048
55,15,11,0.07804256688035838
55,15,12,-0.9923153634909079
55,15,13,-0.3450175338920143
55,15,14,0.5465920523045851
55,15,15,0.13904407668645735
55,15,16,-0.8081142872297042
55,15,17,-0.0734278217893477
55,15,18,-0.5155998426753358
55,15,19,-0.4544461149961667
55,16,1,-0.05251186355442239
55,16,2,0.08469204298321209
55,16,3,-0.2242729735736857
55,16,4,-0.9277780414972145
55,16,5,0.9076412139947181
55,16,6,0.07609528227616602
55,16,7,-0.38226516856280945
55,16,8,-0.6859233613570971
55,16,9,0.6708625661399721
55,16,10,0.9614056709340415
55,16,11,0.059837151522491805
55,16,12,-0.9959285662422065
55,16,13,-0.3346298470954705
55,16,14,0.5391941059346683
55,16,15,0.16706517877639215
55,16,16,-0.8033451553581061
55,16,17,-0.05998828494180253
55,16,18,-0.486195076175729
55,16,19,-0.5336102535300079
55,17,1,0.027940211698189943
55,17,2,0.05905871089700043
55,17,3,-0.2395746161119957
55,17,4,-0.9478173667481141
55,17,5,0.9089677967019889
55,17,6,0.04818223121530152
55,17,7,-0.4033051488730728
55,17,8,-0.7020649626250406
55,17,9,0.6944271548009926
55,17,10,0.9625161515831719
55,17,11,0.08032327172206477
55,17,12,-0.9878026556399411
55,17,13,-0.33369238611424
55,17,14,0.5392266395474357
55,17,15,0.1428169899004328
55,17,16,-0.8063577679003756
55,17,17,-0.08052192393335711
55,17,18,-0.5177582014156952
55,17,19,-0.46061084026878485
55,18,1,0.09399468450060722
55,18,2,0.028106231710009588
55,18,3,-0.24741541396237177
55,18,4,-0.9334837470696951
55,18,5,0.911218531185267
55,18,6,0.030191143354878935
55,18,7,-0.4188769189840579
55,18,8,-0.7126562309681446
55,18,9,0.7078045820241634
55,18,10,0.9597016983186679
55,18,11,0.0714315395925933
55,18,12,-0.9841600740504461
55,18,13,-0.33084204728898614
55,18,14,0.5386154019742284
55,18,15,0.12032975675554303
55,18,16,-0.7964384665409785
55,18,17,-0.10456939027721157
55,18,18,-0.5424035961275342
55,18,19,-0.37746734795995274
55,19,1,0.057743958594372424
55,19,2,0.049786236911444126
55,19,3,-0.24616908083326072
55,19,4,-0.9377573821601736
55,19,5,0.913643369790204
55,19,6,0.04078743961995612
55,19,7,-0.4253379958929765
55,19,8,-0.7093646180497172
55,19,9,0.6998381847111639
55,19,10,0.9614902583272369
55,19,11,0.08396605048497019
55,19,12,-0.9920658405396517
55,19,13,-0.3420005835347092
55,19,14,0.5498933267201367
55,19,15,0.12342557647713326
55,19,16,-0.8016708573410446
55,19,17,-0.08292507346311584
55,19,18,-0.5384907883786582
55,19,19,-0.42469185862607317
55,20,1,0.020995369826089627
55,20,2,0.07331237675737579
55,20,3,-0.25523097361617664
55,20,4,-0.9312504624332648
55,20,5,0.9054202526964572
55,20,6,0.04725945965316902
55,20,7,-0.381435167090417
55,20,8,-0.6905717245146342
55,20,9,0.6857596088395008
55,20,10,0.9616203927783069
55,20,11,0.06470023652429413
55,20,12,-0.9852540907197819
55,20,13,-0.3302259789672167
55,20,14,0.5370186916942821
55,20,15,0.13842830412480378
55,20,16,-0.8046052906259669
55,20,17,-0.07600192066619371
55,20,18,-0.5155245224324438
55,20,19,-0.4648762926627189
55,21,1,-0.0024345493954145425
55,21,2,0.06296294160251015
55,21,3,-0.23264475941910934
55,21,4,-0.9498775331299391
55,21,5,0.9087777215340624
55,21,6,0.0766087218376601
55,21,7,-0.405841094694946
55,21,8,-0.7039006470787699
55,21,9,0.6890240118272499
55,21,10,0.9577419917896006
55,21,11,0.0761640957965044
55,21,12,-0.9859121569780336
55,21,13,-0.3321150974152487
55,21,14,0.5384775777601407
55,21,15,0.15896529506434032
55,21,16,-0.8027376640797023
55,21,17,-0.07291438222785351
55,21,18,-0.5075225353188104
55,21,19,-0.4928842827208413
55,22,1,0.03683904207044697
55,22,2,0.032358867832247507
55,22,3,-0.2379587800112103
55,22,4,-0.9340510149723137
55,22,5,0.911509559139478
55,22,6,0.04872642982886677
55,22,7,-0.4147410095209616
55,22,8,-0.7007461682674929
55,22,9,0.6997157400231118
55,22,10,0.9716853067015152
55,22,11,0.07028655359658842
55,22,12,-0.9764495092378455
55,22,13,-0.3412433390508691
55,22,14,0.5348231657660032
55,22,15,0.14405228131854386
55,22,16,-0.8068246745369421
55,22,17,-0.08375911699042782
55,22,18,-0.524477476905941
55,22,19,-0.45701508736433427
55,23,1,0.05869906659586177
55,23,2,0.01950966817637423
55,23,3,-0.23116674753241173
55,23,4,-0.9253687795917238
55,23,5,0.9030967612246263
55,23,6,0.04533997649988697
55,23,7,-0.42096804159136514
55,23,8,-0.7056676165988661
55,23,9,0.7101399039006373
55,23,10,0.9744441570641984
55,23,11,0.0849306228101736
55,23,12,-0.9814982330058333
55,23,13,-0.32700968629168115
55,23,14,0.5285518682648951
55,23,15,0.12984475403627527
55,23,16,-0.8074396584049529
55,23,17,-0.09599471299216522
55,23,18,-0.5401406368927915
55,23,19,-0.41974625655188735
55,24,1,0.04393945376359931
55,24,2,0.022788267649694438
55,24,3,-0.2392751097011241
55,24,4,-0.9216752286755601
55,24,5,0.9051747718001208
55,24,6,0.04394300288499209
55,24,7,-0.4077735912933347
55,24,8,-0.6898472108169728
55,24,9,0.7011712741409881
55,24,10,0.9770975196521505
55,24,11,0.08446765964182168
55,24,12,-0.9786497673279814
55,24,13,-0.34581391729788036
55,24,14,0.5330316481562738
55,24,15,0.1393751308430431
55,24,16,-0.8203396302140846
55,24,17,-0.08767931874220514
55,24,18,-0.5286711581783758
55,24,19,-0.44008163767897146
55,25,1,-0.014634851356634448
55,25,2,0.0771377380986007
55,25,3,-0.230931716826843
55,25,4,-0.9525187695531326
55,25,5,0.90403925012783
55,25,6,0.0673914564071032
55,25,7,-0.39425804409596
55,25,8,-0.696603456321727
55,25,9,0.6972958307534425
55,25,10,0.9657040512875645
55,25,11,0.07533241835012094
55,25,12,-0.9830297774735393
55,25,13,-0.3317966623569488
55,25,14,0.5338637199494782
55,25,15,0.1571743689748426
55,25,16,-0.8107962399622097
55,25,17,-0.07487862374536713
55,25,18,-0.5164822922749772
55,25,19,-0.5039361481513687
55,26,1,0.04907444089877355
55,26,2,0.06542189120750042
55,26,3,-0.2478332244196706
55,26,4,-0.9427652910321441
55,26,5,0.9168468461940429
55,26,6,0.054155796866234285
55,26,7,-0.41442040555514414
55,26,8,-0.7035466222198364
55,26,9,0.6929043845500633
55,26,10,0.9566886914295767
55,26,11,0.07039105550426572
55,26,12,-0.975960617765985
55,26,13,-0.3467043524206559
55,26,14,0.5395294979062895
55,26,15,0.1558639544872502
55,26,16,-0.8055825806361613
55,26,17,-0.06914068032023524
55,26,18,-0.5138753640252478
55,26,19,-0.4507291004441282
55,27,1,0.024448664941300713
55,27,2,0.08422198157207439
55,27,3,-0.23470561590787187
55,27,4,-0.9434530318887079
55,27,5,0.9150888480641342
55,27,6,0.053866740646130395
55,27,7,-0.421137019204345
55,27,8,-0.7156814626086998
55,27,9,0.6867744603844359
55,27,10,0.9578212555007068
55,27,11,0.07177541002087517
55,27,12,-0.9882519152562483
55,27,13,-0.3366569869310013
55,27,14,0.5448013233884981
55,27,15,0.14670268630533556
55,27,16,-0.7864602103317783
55,27,17,-0.07142473710992381
55,27,18,-0.5130208144632218
55,27,19,-0.4608257592864612
55,28,1,0.06147842299325901
55,28,2,0.024958949728223656
55,28,3,-0.23980964681756445
55,28,4,-0.948269288205466
55,28,5,0.9215744730626863
55,28,6,0.04674720313213898
55,28,7,-0.4514286717053346
55,28,8,-0.7183724853180979
55,28,9,0.7039969662899028
55,28,10,0.9570867845458044
55,28,11,0.08222146014698972
55,28,12,-0.9824433837500813
55,28,13,-0.3440797771506675
55,28,14,0.5561443153599417
55,28,15,0.13405006853994217
55,28,16,-0.7980109244914072
55,28,17,-0.08933281496443657
55,28,18,-0.5282387568886844
55,28,19,-0.4166806043621366
55,29,1,-0.09045236559045966
55,29,2,0.11256329328100545
55,29,3,-0.22029361979869477
55,29,4,-0.9491937357415898
55,29,5,0.9114638149081928
55,29,6,0.10383600377606794
55,29,7,-0.40413238991771505
55,29,8,-0.7127759152284472
55,29,9,0.6848514281097611
55,29,10,0.9704642117689752
55,29,11,0.07264139564072258
55,29,12,-0.9723724560378466
55,29,13,-0.30782658657679896
55,29,14,0.5610521587259758
55,29,15,0.21634334910178388
55,29,16,-0.7873995444604105
55,29,17,-0.043117536401045986
55,29,18,-0.4664372159686211
55,29,19,-0.5910941896890043
55,30,1,-0.0799923161521846
55,30,2,0.11001423542731992
55,30,3,-0.2325802837138069
55,30,4,-0.9464005772054425
55,30,5,0.9114218169717112
55,30,6,0.10705702861346023
55,30,7,-0.40784970022986955
55,30,8,-0.7253957036209566
55,30,9,0.695349334842893
55,30,10,0.9694010527384158
55,30,11,0.08298195799210628
55,30,12,-0.9740805692948453
55,30,13,-0.333319432607878
55,30,14,0.5670105420242837
55,30,15,0.2298586005390426
55,30,16,-0.7884497886325682
55,30,17,-0.041475870583457364
55,30,18,-0.482113192227168
55,30,19,-0.5749116749383377
55,31,1,-0.0708564833402513
55,31,2,0.09531811243330668
55,31,3,-0.2204693013076393
55,31,4,-0.9520816361015839
55,31,5,0.9089545860834711
55,31,6,0.10737152020354612
55,31,7,-0.40474047271635116
55,31,8,-0.7252624143953152
55,31,9,0.7020654555585675
55,31,10,0.9750646617877092
55,31,11,0.0786317210315659
55,31,12,-0.9667283671562137
55,31,13,-0.30451111567567557
55,31,14,0.5615667813279344
55,31,15,0.2175104185197887
55,31,16,-0.7937722876813299
55,31,17,-0.05174052117171679
55,31,18,-0.4887465986970485
55,31,19,-0.5688688028335396
55,32,1,-0.011199499021798065
55,32,2,0.0727695583576855
55,32,3,-0.24276882536553113
55,32,4,-0.9393580359083344
55,32,5,0.9106270109531309
55,32,6,0.0903004434775061
55,32,7,-0.43234691912355805
55,32,8,-0.730231874452197
55,32,9,0.7142470260457696
55,32,10,0.9789292606376656
55,32,11,0.08652575570283427
55,32,12,-0.9591823435548522
55,32,13,-0.3302874970713585
55,32,14,0.5628527463125985
55,32,15,0.20379444455042517
55,32,16,-0.797983517387318
55,32,17,-0.06615784096298316
55,32,18,-0.5103414249850555
55,32,19,-0.50622927491795
55,33,1,-0.07031504515443632
55,33,2,0.09368591093943213
55,33,3,-0.22013292346896451
55,33,4,-0.9601351840621185
55,33,5,0.9156728757066634
55,33,6,0.10447346541290004
55,33,7,-0.408715981609833
55,33,8,-0.7232487809384183
55,33,9,0.69707637674732
55,33,10,0.9742314069540401
55,33,11,0.08419279990728912
55,33,12,-0.9647256768236113
55,33,13,-0.31364320219280495
55,33,14,0.5627334563991175
55,33,15,0.21999874696297494
55,33,16,-0.7832986332777157
55,33,17,-0.0589623916858677
55,33,18,-0.4754375906473949
55,33,19,-0.5709354759379182
55,34,1,-0.0717668329775093
55,34,2,0.09736023744805156
55,34,3,-0.23829456632965296
55,34,4,-0.9479685987541302
55,34,5,0.9092850487198245
55,34,6,0.10316265657848622
55,34,7,-0.4123895194248095
55,34,8,-0.7181542143524399
55,34,9,0.697172991718569
55,34,10,0.971436868204018
55,34,11,0.09374348557536005
55,34,12,-0.9750082701922456
55,34,13,-0.3180914343384692
55,34,14,0.561989521120501
55,34,15,0.21680493205626084
55,34,16,-0.792828615737662
55,34,17,-0.04638785459111627
55,34,18,-0.4853553146195063
55,34,19,-0.5670390335821316
55,35,1,-0.09549823034399219
55,35,2,0.09951632869418803
55,35,3,-0.2254337334425477
55,35,4,-0.9488091490039959
55,35,5,0.9010349188688103
55,35,6,0.08302494179564146
55,35,7,-0.3615419473368553
55,35,8,-0.6941567314682009
55,35,9,0.6992377916755457
55,35,10,0.9840743036167863
55,35,11,0.08041594322509948
55,35,12,-0.9631972871304767
55,35,13,-0.29109208486284444
55,35,14,0.5486564579147404
55,35,15,0.21665409439706607
55,35,16,-0.8054216871330202
55,35,17,-0.05631060648520103
55,35,18,-0.4779857612207321
55,35,19,-0.6029522971959329
55,36,1,-0.11780307808397328
55,36,2,0.1159426483671997
55,36,3,-0.23900301039434135
55,36,4,-0.9346776320715566
55,36,5,0.89783104811815
55,36,6,0.10553031489431675
55,36,7,-0.3729700196350212
55,36,8,-0.6908511192376132
55,36,9,0.6971737804122118
55,36,10,0.9709181049604345
55,36,11,0.08549039812318515
55,36,12,-0.9670084519861303
55,36,13,-0.292570885443185
55,36,14,0.5520569105558806
55,36,15,0.2410497689842379
55,36,16,-0.8031810084936883
55,36,17,-0.03845024459608071
55,36,18,-0.4796802695123916
55,36,19,-0.6081415070190532
55,37,1,-0.04464977097568945
55,37,2,0.08347015935702928
55,37,3,-0.2442440768244788
55,37,4,-0.941657373637353
55,37,5,0.912635419314644
55,37,6,0.08114390745744848
55,37,7,-0.3902653811157464
55,37,8,-0.7047842797188761
55,37,9,0.7025451784668297
55,37,10,0.9703743006936905
55,37,11,0.07084869499052848
55,37,12,-0.9642566998662326
55,37,13,-0.29161183397348145
55,37,14,0.5649733463448068
55,37,15,0.2136361581727073
55,37,16,-0.8024939577440621
55,37,17,-0.05920629519491849
55,37,18,-0.4886121264309429
55,37,19,-0.5522669988249944
55,38,1,-0.06583585678329029
55,38,2,0.09224122135914481
55,38,3,-0.23100250208128859
55,38,4,-0.9505789775385473
55,38,5,0.9154774768566476
55,38,6,0.08864635573504254
55,38,7,-0.41121180264262647
55,38,8,-0.7234399405601036
55,38,9,0.6955334948084981
55,38,10,0.970568516503242
55,38,11,0.07609547944957673
55,38,12,-0.965941743834178
55,38,13,-0.3051095369771867
55,38,14,0.5708962384291865
55,38,15,0.21737772081437945
55,38,16,-0.7864909693838493
55,38,17,-0.04921946194235227
55,38,18,-0.4890354577437419
55,38,19,-0.5442154225985669
55,39,1,-0.04699179674812737
55,39,2,0.0712505344015597
55,39,3,-0.2415284074387416
55,39,4,-0.9526701001458541
55,39,5,0.9179443133980663
55,39,6,0.07553511261633283
55,39,7,-0.41174436802495995
55,39,8,-0.7198606516354474
55,39,9,0.6977781169160442
55,39,10,0.97665703425262
55,39,11,0.08358590014911726
55,39,12,-0.965149796830053
55,39,13,-0.3047970171212081
55,39,14,0.5659921413579561
55,39,15,0.19616265051540394
55,39,16,-0.8041461723391239
55,39,17,-0.06146077597300026
55,39,18,-0.49047827417662726
55,39,19,-0.5370528026943352
55,40,1,-0.08115682231584997
55,40,2,0.08032879257756464
55,40,3,-0.22292647635193308
55,40,4,-0.9585913162562428
55,40,5,0.9121702872387742
55,40,6,0.09282623486872765
55,40,7,-0.39419051220279144
55,40,8,-0.7180595711152982
55,40,9,0.6941615622167634
55,40,10,0.9755495112046502
55,40,11,0.07328674421398329
55,40,12,-0.9631367548933881
55,40,13,-0.29503160960887154
55,40,14,0.5544803689469426
55,40,15,0.2155704293317926
55,40,16,-0.7952288076662599
55,40,17,-0.05903672606170607
55,40,18,-0.48330549984174354
55,40,19,-0.565752575663941
55,41,1,-0.034670430312730316
55,41,2,0.07498578749408913
55,41,3,-0.24247543133039196
55,41,4,-0.9454610459033995
55,41,5,0.9179094137043704
55,41,6,0.0848971033303525
55,41,7,-0.41342004625589623
55,41,8,-0.7218088235199879
55,41,9,0.7030755749416453
55,41,10,0.9715224414642669
55,41,11,0.08441797194232215
55,41,12,-0.9623709333661824
55,41,13,-0.30082515593582415
55,41,14,0.5694026498430427
55,41,15,0.2149016171226572
55,41,16,-0.7955015970799801
55,41,17,-0.05302490876909516
55,41,18,-0.49604152195986817
55,41,19,-0.5244270005127987
55,42,1,-0.05763797788611469
55,42,2,0.11746364405743237
55,42,3,-0.24014346140190002
55,42,4,-0.9342242318136242
55,42,5,0.901604750025768
55,42,6,0.08012530961770992
55,42,7,-0.3792539362344147
55,42,8,-0.7088128282598396
55,42,9,0.6906997886448918
55,42,10,0.9773788861092367
55,42,11,0.07953733850696643
55,42,12,-0.9649485813644213
55,42,13,-0.2890820991140456
55,42,14,0.5461902128935539
55,42,15,0.20526023168565866
55,42,16,-0.7839413200099317
55,42,17,-0.05678066789633862
55,42,18,-0.49134997782538525
55,42,19,-0.5490627337275124
55,43,1,-0.08694524213412413
55,43,2,0.13344592920952048
55,43,3,-0.24964978305256091
55,43,4,-0.9398247453714897
55,43,5,0.9132401501652978
55,43,6,0.11012938469917577
55,43,7,-0.4026012397968306
55,43,8,-0.7182299289421533
55,43,9,0.6845895818203356
55,43,10,0.9606903257999782
55,43,11,0.0804319142713672
55,43,12,-0.9800082921277877
55,43,13,-0.29538238110652826
55,43,14,0.5701187836707489
55,43,15,0.2249371522076693
55,43,16,-0.7811590060113734
55,43,17,-0.04012326098597252
55,43,18,-0.4878675996320939
55,43,19,-0.5737419436792883
55,44,1,-0.13778364565848056
55,44,2,0.18838889162466987
55,44,3,-0.2421579821391452
55,44,4,-0.9341455596227499
55,44,5,0.9069171932305833
55,44,6,0.11239293545414997
55,44,7,-0.35686992337003276
55,44,8,-0.7044096502385233
55,44,9,0.6710122207587026
55,44,10,0.9712245124406811
55,44,11,0.07290146736945191
55,44,12,-0.9670683927029867
55,44,13,-0.29583075344248755
55,44,14,0.5459433517833423
55,44,15,0.24859500389195666
55,44,16,-0.7874942862842578
55,44,17,-0.019926394179914153
55,44,18,-0.4406760169255628
55,44,19,-0.6351825586710433
55,45,1,0.0033408569777526598
55,45,2,0.08990530796243901
55,45,3,-0.24922901499410133
55,45,4,-0.9438588147679533
55,45,5,0.9061716805646809
55,45,6,0.0862646981070514
55,45,7,-0.42484851290088377
55,45,8,-0.735203996350123
55,45,9,0.7199993631298833
55,45,10,0.9708441649314175
55,45,11,0.09676102745289761
55,45,12,-0.9617770470531177
55,45,13,-0.3019845355908112
55,45,14,0.5637445616492491
55,45,15,0.21041217573415416
55,45,16,-0.7790158296236389
55,45,17,-0.06611781476060852
55,45,18,-0.5227577304177105
55,45,19,-0.47959893548047294
55,46,1,0.03790634174263152
55,46,2,0.07048254396683618
55,46,3,-0.24715139876542824
55,46,4,-0.9191676758248294
55,46,5,0.9058528511595592
55,46,6,0.06114046776729842
55,46,7,-0.409053246728856
55,46,8,-0.7144314817714905
55,46,9,0.7267283001172542
55,46,10,0.9801038226452774
55,46,11,0.1035262443478393
55,46,12,-0.9594672591333312
55,46,13,-0.31473968352977477
55,46,14,0.5607719753093541
55,46,15,0.19834338843787935
55,46,16,-0.8103212492158045
55,46,17,-0.06892556412914841
55,46,18,-0.5317234025761988
55,46,19,-0.46435181139022486
55,47,1,-0.008543967526327911
55,47,2,0.08739331870996736
55,47,3,-0.2464242232267222
55,47,4,-0.9173308083306357
55,47,5,0.8947993097550411
55,47,6,0.0542802132883935
55,47,7,-0.3800961624582714
55,47,8,-0.7028160947331483
55,47,9,0.7117829499321009
55,47,10,0.9941605122683514
55,47,11,0.1052006409516062
55,47,12,-0.9578078477087785
55,47,13,-0.2951071270251743
55,47,14,0.5448036894694266
55,47,15,0.1905990083853415
55,47,16,-0.8141383292737793
55,47,17,-0.08010549368993325
55,47,18,-0.5137678059297044
55,47,19,-0.500443122593899
55,48,1,-0.06493161952176474
55,48,2,0.10817579054584048
55,48,3,-0.24249376845758785
55,48,4,-0.9257309871472021
55,48,5,0.8953259599350532
55,48,6,0.080740885005953
55,48,7,-0.3829242206881145
55,48,8,-0.7000634553329024
55,48,9,0.7098752971834617
55,48,10,0.9902470144125384
55,48,11,0.08334751749556646
55,48,12,-0.9657655693917068
55,48,13,-0.29913498545920036
55,48,14,0.541369914521876
55,48,15,0.21750884113250302
55,48,16,-0.8025401949088741
55,48,17,-0.05985519288957186
55,48,18,-0.499260476476448
55,48,19,-0.5492639491931441
55,49,1,-0.11755878022810107
55,49,2,0.12251246641212554
55,49,3,-0.23479118916812092
55,49,4,-0.9393898794141643
55,49,5,0.9065831814728371
55,49,6,0.10593629494697288
55,49,7,-0.38665207977774196
55,49,8,-0.7017730473904814
55,49,9,0.6760669583157171
55,49,10,0.9701836340055321
55,49,11,0.08019136271029836
55,49,12,-0.9718657203723167
55,49,13,-0.30977288531393776
55,49,14,0.562145682461785
55,49,15,0.23612832065286482
55,49,16,-0.7988278139319873
55,49,17,-0.0323303762743995
55,49,18,-0.46206410689243815
55,49,19,-0.6146710031014885
55,50,1,-0.10946717779929926
55,50,2,0.11165945036630132
55,50,3,-0.22455788915216468
55,50,4,-0.94119549492276
55,50,5,0.9073131174392932
55,50,6,0.0954443034161625
55,50,7,-0.3747545375886707
55,50,8,-0.6983958612118049
55,50,9,0.6793459521358587
55,50,10,0.9737964424100092
55,50,11,0.06156044713211517
55,50,12,-0.9699886295023376
55,50,13,-0.29967188865656935
55,50,14,0.5546489522131015
55,50,15,0.22608470145801363
55,50,16,-0.7963118812113014
55,50,17,-0.04315874564388478
55,50,18,-0.4664684679542189
55,50,19,-0.6080290195882418
55,51,1,-0.08614057744500825
55,51,2,0.10046177519855237
55,51,3,-0.2198927662547172
55,51,4,-0.9579343344517502
55,51,5,0.912103248279132
55,51,6,0.1126112064198086
55,51,7,-0.4193389948720616
55,51,8,-0.7205151687723061
55,51,9,0.6943745095003324
55,51,10,0.9651795700150705
55,51,11,0.08651037617679869
55,51,12,-0.9729121196629655
55,51,13,-0.30023718482508077
55,51,14,0.563170787024077
55,51,15,0.22913950911017555
55,51,16,-0.7923951299942115
55,51,17,-0.04841775485439703
55,51,18,-0.472290604425725
55,51,19,-0.5786133099643407
55,52,1,-0.06970439910146109
55,52,2,0.08474685719139008
55,52,3,-0.23927570122135622
55,52,4,-0.923205097169275
55,52,5,0.8974437995395113
55,52,6,0.077724328995469
55,52,7,-0.35930974715418407
55,52,8,-0.6940426666501041
55,52,9,0.6715353218173217
55,52,10,0.9681294814127337
55,52,11,0.0718485613562494
55,52,12,-0.9580587508739096
55,52,13,-0.26896646775320066
55,52,14,0.5532068258871534
55,52,15,0.20920527728718574
55,52,16,-0.7815094817489145
55,52,17,-0.06105085245212982
55,52,18,-0.4816437223362622
55,52,19,-0.5785228073688238
55,53,1,-0.021929281685927338
55,53,2,0.041349975360717606
55,53,3,-0.24450296551274375
55,53,4,-0.9169541085294703
55,53,5,0.8997245043812179
55,53,6,0.06457207380733121
55,53,7,-0.39860108422700946
55,53,8,-0.7030341685253956
55,53,9,0.6977603713090801
55,53,10,0.9743262473645926
55,53,11,0.08741500778514566
55,53,12,-0.9519543606649693
55,53,13,-0.2576471365910423
55,53,14,0.5576335661310501
55,53,15,0.19012145438459682
55,53,16,-0.7839887402152079
55,53,17,-0.08497153629289633
55,53,18,-0.5265121093310788
55,53,19,-0.5092091566740414
55,54,1,-0.01069217183603588
55,54,2,0.05355106601558024
55,54,3,-0.23679072472615204
55,54,4,-0.9102941822358489
55,54,5,0.9045544642500205
55,54,6,0.06020487993346979
55,54,7,-0.38206602341799
55,54,8,-0.6902715279968251
55,54,9,0.684832302288922
55,54,10,0.9637524288683366
55,54,11,0.07171842690517938
55,54,12,-0.9635063564517679
55,54,13,-0.2736489419107908
55,54,14,0.5644571463555625
55,54,15,0.19042253818275423
55,54,16,-0.7882777548317221
55,54,17,-0.07914644222022982
55,54,18,-0.49946810007792786
55,54,19,-0.525251974063218
55,55,1,-0.0427734687993534
55,55,2,0.07348115719694537
55,55,3,-0.22943398759907407
55,55,4,-0.9394637208564761
55,55,5,0.9093903393211447
55,55,6,0.07913766800345301
55,55,7,-0.4121434470082408
55,55,8,-0.7199925606472138
55,55,9,0.6867220122571864
55,55,10,0.9635329748622139
55,55,11,0.08818477278056558
55,55,12,-0.9607449428347453
55,55,13,-0.282897557913651
55,55,14,0.5717634070894981
55,55,15,0.19463573962284975
55,55,16,-0.7781047898794438
55,55,17,-0.069987934466065
55,55,18,-0.4958946277688877
55,55,19,-0.5376168172356771
55,56,1,-0.02733991724927709
55,56,2,0.06814071536780908
55,56,3,-0.24088246734524876
55,56,4,-0.9307222348659672
55,56,5,0.9142025535829834
55,56,6,0.0652091410973421
55,56,7,-0.402475048813975
55,56,8,-0.7029383422477897
55,56,9,0.6857024285503943
55,56,10,0.9667679990117668
55,56,11,0.08225005029154309
55,56,12,-0.9674598805099555
55,56,13,-0.3003282789408298
55,56,14,0.5637086760884995
55,56,15,0.18954689106578182
55,56,16,-0.7842884437994903
55,56,17,-0.07032234057063269
55,56,18,-0.4917570423318004
55,56,19,-0.5287081281928845
55,57,1,-0.07773625798681705
55,57,2,0.07297461870482613
55,57,3,-0.22976799935682035
55,57,4,-0.935347035800924
55,57,5,0.9043296865618089
55,57,6,0.07546866517692297
55,57,7,-0.3857592785740379
55,57,8,-0.6964314225208807
55,57,9,0.6773265020633454
55,57,10,0.9697088404325374
55,57,11,0.07954660565727001
55,57,12,-0.9693261268423452
55,57,13,-0.28166305518918267
55,57,14,0.5518124155265978
55,57,15,0.18639132780074563
55,57,16,-0.7867556746877303
55,57,17,-0.06718748051372148
55,57,18,-0.4666024472867978
55,57,19,-0.5772431519333026
55,58,1,-0.056509948803430965
55,58,2,0.04592913065109472
55,58,3,-0.2365521448991904
55,58,4,-0.937994778946671
55,58,5,0.9050840720311932
55,58,6,0.08049737584372352
55,58,7,-0.4017403806856614
55,58,8,-0.6976917549621522
55,58,9,0.6786954770539197
55,58,10,0.9607216763722815
55,58,11,0.08114587919155558
55,58,12,-0.9720472184968771
55,58,13,-0.293781530184957
55,58,14,0.5644756806561695
55,58,15,0.17793889803034113
55,58,16,-0.7847589981441545
55,58,17,-0.07365693729259515
55,58,18,-0.48870854422878107
55,58,19,-0.556531761111991
55,59,1,-0.04942649402360033
55,59,2,0.07532906640213888
55,59,3,-0.22838798265524662
55,59,4,-0.9389122268267143
55,59,5,0.9053096384130479
55,59,6,0.07582771795782972
55,59,7,-0.3821723984730696
55,59,8,-0.7063930175768758
55,59,9,0.6864067319734579
55,59,10,0.9679461101407714
55,59,11,0.0774194989025081
55,59,12,-0.9626322867220812
55,59,13,-0.27163126639897417
55,59,14,0.5611446330555998
55,59,15,0.18740223587746674
55,59,16,-0.7815279174628159
55,59,17,-0.07726383049475094
55,59,18,-0.4823949530310754
55,59,19,-0.5550402428466596
55,60,1,-0.015115165785128948
55,60,2,0.057412510090965485
55,60,3,-0.24835376222395045
55,60,4,-0.9302840169606597
55,60,5,0.894911698599147
55,60,6,0.08155245076444384
55,60,7,-0.4142601035722352
55,60,8,-0.7123102902190503
55,60,9,0.7051595007194611
55,60,10,0.9639148997587632
55,60,11,0.09465659564036777
55,60,12,-0.9646863407281743
55,60,13,-0.2960013084427535
55,60,14,0.5584285693230411
55,60,15,0.1830780258071405
55,60,16,-0.7786152718397773
55,60,17,-0.07549104435903875
55,60,18,-0.5159740778088668
55,60,19,-0.5095213807699039
55,61,1,-0.029064987419596955
55,61,2,0.08127502777557183
55,61,3,-0.24633529801849097
55,61,4,-0.9300278887001446
55,61,5,0.9052276142741915
55,61,6,0.0664231377870963
55,61,7,-0.3943349417261377
55,61,8,-0.7000731168300274
55,61,9,0.6786436204469024
55,61,10,0.9609809594073677
55,61,11,0.08348967952468977
55,61,12,-0.9611160231937055
55,61,13,-0.28495309072032426
55,61,14,0.5647026272518991
55,61,15,0.17868835416445772
55,61,16,-0.779537057534856
55,61,17,-0.06541844067281288
55,61,18,-0.48574305613167157
55,61,19,-0.542110103505689
55,62,1,-0.04092772850167781
55,62,2,0.06473217861682956
55,62,3,-0.23900715103596637
55,62,4,-0.9248531711227118
55,62,5,0.9019841116679781
55,62,6,0.05695901124632763
55,62,7,-0.39809444714818487
55,62,8,-0.6860561576492119
55,62,9,0.6920549614967157
55,62,10,0.9728770227958587
55,62,11,0.0778603786488603
55,62,12,-0.969650575689672
55,62,13,-0.2800363745508082
55,62,14,0.5564128655453315
55,62,15,0.17028048558487385
55,62,16,-0.7830421106703792
55,62,17,-0.0759800344176047
55,62,18,-0.5100458620423982
55,62,19,-0.5334441349314829
55,63,1,-0.03787942757206919
55,63,2,0.08684399358772343
55,63,3,-0.2423689576886071
55,63,4,-0.9379630340275464
55,63,5,0.9032020518259465
55,63,6,0.07056575114615682
55,63,7,-0.38832480040751816
55,63,8,-0.7005971051689945
55,63,9,0.6861953620771746
55,63,10,0.962715296727991
55,63,11,0.08833521609293893
55,63,12,-0.9687757172663425
55,63,13,-0.290111738664784
55,63,14,0.555283456248773
55,63,15,0.19076739447808966
55,63,16,-0.783802707102201
55,63,17,-0.06481134374123043
55,63,18,-0.49022165298258535
55,63,19,-0.5575267967291495
55,64,1,-0.02750159944606101
55,64,2,0.06302938904192001
55,64,3,-0.23068268680911364
55,64,4,-0.9276079794304755
55,64,5,0.8995249648895771
55,64,6,0.07074715068401183
55,64,7,-0.4013524420000857
55,64,8,-0.7097753302642308
55,64,9,0.7052316661877818
55,64,10,0.9696124226346992
55,64,11,0.0882754725494932
55,64,12,-0.9658647476172947
55,64,13,-0.27672543863813115
55,64,14,0.5559865766313721
55,64,15,0.18715005108516602
55,64,16,-0.787062180754682
55,64,17,-0.07905791135882012
55,64,18,-0.5064955576091166
55,64,19,-0.5085588787655133
55,65,1,0.04264796792343528
55,65,2,0.009549453334254165
55,65,3,-0.25224576817799593
55,65,4,-0.9198736552218839
55,65,5,0.8979022277194169
55,65,6,0.03825731041369895
55,65,7,-0.41923045090946487
55,65,8,-0.7154138982903635
55,65,9,0.7105161107682758
55,65,10,0.9815804543181001
55,65,11,0.10476646510121812
55,65,12,-0.9470170398740336
55,65,13,-0.2786092334040742
55,65,14,0.5545209866695493
55,65,15,0.1523235087245045
55,65,16,-0.7890922781913738
55,65,17,-0.10020318227040348
55,65,18,-0.5360266136782843
55,65,19,-0.4502457298277678
55,66,1,-0.019827610301147436
55,66,2,0.014414115723342169
55,66,3,-0.22470675507725224
55,66,4,-0.909628524801285
55,66,5,0.8870275225984143
55,66,6,0.05185261425570653
55,66,7,-0.39146409686617034
55,66,8,-0.6887678835667349
55,66,9,0.7053089581647809
55,66,10,0.9869824142513786
55,66,11,0.0850798830820827
55,66,12,-0.9625313339357967
55,66,13,-0.2763801879959743
55,66,14,0.545569708170043
55,66,15,0.16680155792627005
55,66,16,-0.8006621181718416
55,66,17,-0.09383605849168986
55,66,18,-0.5214129091699485
55,66,19,-0.5128548930381077
55,67,1,-0.010601866413929795
55,67,2,0.03828353447732358
55,67,3,-0.23463226739908705
55,67,4,-0.9400969432649776
55,67,5,0.906465468946642
55,67,6,0.07084416000208216
55,67,7,-0.41881175317181796
55,67,8,-0.7193672251751405
55,67,9,0.6951831176576626
55,67,10,0.9608411634591729
55,67,11,0.08814671831229814
55,67,12,-0.9711589522816192
55,67,13,-0.29019967800596125
55,67,14,0.568627166818712
55,67,15,0.1822242649387571
55,67,16,-0.7810808267540263
55,67,17,-0.08318317345773796
55,67,18,-0.5029957295689774
55,67,19,-0.51283064070859
55,68,1,0.008063751684538767
55,68,2,0.04350626378026479
55,68,3,-0.23842410926049074
55,68,4,-0.9289111970885768
55,68,5,0.9063960639060713
55,68,6,0.04866353151084968
55,68,7,-0.4104145319564121
55,68,8,-0.7058406362667665
55,68,9,0.6933740516143794
55,68,10,0.9679161397823433
55,68,11,0.08468947972887286
55,68,12,-0.9613645602779081
55,68,13,-0.2804037086149648
55,68,14,0.5638092345279626
55,68,15,0.16963277093068463
55,68,16,-0.7733640509789882
55,68,17,-0.0930428298603948
55,68,18,-0.5170626722094085
55,68,19,-0.4850904121422148
55,69,1,-0.058731501621923865
55,69,2,0.06987229226068248
55,69,3,-0.23547301482236327
55,69,4,-0.9332934747283579
55,69,5,0.9053060892916551
55,69,6,0.08819956078636904
55,69,7,-0.4061528258572814
55,69,8,-0.7037523726739144
55,69,9,0.6807184762478256
55,69,10,0.9632080330813606
55,69,11,0.09472047982543841
55,69,12,-0.9725371944224964
55,69,13,-0.29265074067452335
55,69,14,0.564581365604311
55,69,15,0.19106019699299703
55,69,16,-0.7860902144265771
55,69,17,-0.06518025519267268
55,69,18,-0.48430033828549146
55,69,19,-0.5567959734823451
55,70,1,-0.03353747189477885
55,70,2,0.09345383783502403
55,70,3,-0.23994076713568802
55,70,4,-0.9308303844817427
55,70,5,0.9067848898719955
55,70,6,0.06386836190449996
55,70,7,-0.3995312497920437
55,70,8,-0.6994636538175163
55,70,9,0.6889293685901081
55,70,10,0.9696609272937342
55,70,11,0.08458576651483818
55,70,12,-0.9732380473108726
55,70,13,-0.3056490034288949
55,70,14,0.5587726369247337
55,70,15,0.194221872633765
55,70,16,-0.7879004635103246
55,70,17,-0.06476638820358804
55,70,18,-0.49046210595694884
55,70,19,-0.543965603887195
55,71,1,-0.048980684941980046
55,71,2,0.07893024157538409
55,71,3,-0.23428445350259097
55,71,4,-0.9444032105549293
55,71,5,0.9038138809193861
55,71,6,0.08526029675288416
55,71,7,-0.40445102214942585
55,71,8,-0.7130895195381843
55,71,9,0.6895512535274939
55,71,10,0.9632336656247531
55,71,11,0.08303263155865936
55,71,12,-0.9695547494120659
55,71,13,-0.27949197876383214
55,71,14,0.5585218323463079
55,71,15,0.18570989649332503
55,71,16,-0.7841388877674651
55,71,17,-0.07314211751722588
55,71,18,-0.4846815730751032
55,71,19,-0.5436849275370461
55,72,1,-0.010388130436717935
55,72,2,0.0671238920887669
55,72,3,-0.24633450932484813
55,72,4,-0.9299288090612616
55,72,5,0.9084886653139586
55,72,6,0.055488886296058526
55,72,7,-0.40122112450855163
55,72,8,-0.7025276300332767
55,72,9,0.693985880707819
55,72,10,0.9677585982271844
55,72,11,0.08533620851600832
55,72,12,-0.9610767856849738
55,72,13,-0.2975181634913614
55,72,14,0.5673015699784947
55,72,15,0.19068399012535853
55,72,16,-0.7904670697975638
55,72,17,-0.06950762003757038
55,72,18,-0.5090540797865162
55,72,19,-0.5173339828225483
55,73,1,-0.016567545128434058
55,73,2,0.052960728823908454
55,73,3,-0.2359440621005544
55,73,4,-0.9394527777321813
55,73,5,0.8960286859708309
55,73,6,0.0666104525272726
55,73,7,-0.39511170637763804
55,73,8,-0.7143086427366172
55,73,9,0.7013037746729867
55,73,10,0.9698701282824995
55,73,11,0.09906736483799672
55,73,12,-0.9597757369343902
55,73,13,-0.27067241210268145
55,73,14,0.558684697583556
55,73,15,0.18371272701622265
55,73,16,-0.7785470498396709
55,73,17,-0.0902859512318187
55,73,18,-0.5118490128833599
55,73,19,-0.5175396346899209
55,74,1,-0.029770079536303395
55,74,2,0.06533966989523332
55,74,3,-0.23298744680692696
55,74,4,-0.9187529215553966
55,74,5,0.8947661846220414
55,74,6,0.07587050458795419
55,74,7,-0.4067622888697926
55,74,8,-0.701442288994012
55,74,9,0.7074082634686323
55,74,10,0.9661045104847208
55,74,11,0.10504152200916161
55,74,12,-0.9724950978993095
55,74,13,-0.28671956730689363
55,74,14,0.5604127253550366
55,74,15,0.19904966359505005
55,74,16,-0.7906155413758296
55,74,17,-0.07740007732155296
55,74,18,-0.5105444150113834
55,74,19,-0.5272201590489457
55,75,1,0.25125171842789107
55,75,2,-0.16683241556504647
55,75,3,-0.24323592917550807
55,75,4,-0.9345903828373165
55,75,5,0.7594957605498496
55,75,6,-0.04734473715330201
55,75,7,-0.5370220436422641
55,75,8,-0.6366654013063034
55,75,9,0.7125992478524488
55,75,10,0.9962251150519175
55,75,11,0.32173608624877637
55,75,12,-0.91514307075208
55,75,13,-0.2227379785712923
55,75,14,0.4922950299829285
55,75,15,0.11587028572546831
55,75,16,-0.6278299621855902
55,75,17,-0.1399566938179383
55,75,18,-0.6623212111613364
55,75,19,-0.10552370958505797
55,76,1,0.28623895711828307
55,76,2,-0.25821026385203594
55,76,3,-0.23841602515065152
55,76,4,-0.9206781227375892
55,76,5,0.7515230536877071
55,76,6,-0.09779963839382344
55,76,7,-0.607919982692118
55,76,8,-0.6363678666295389
55,76,9,0.7425076938297193
55,76,10,0.993330215035843
55,76,11,0.33584482965227824
55,76,12,-0.9224388812952479
55,76,13,-0.23579322444136008
55,76,14,0.5011715797597747
55,76,15,0.0921582113532351
55,76,16,-0.6267520151492275
55,76,17,-0.18312899513380954
55,76,18,-0.7008938511521163
55,76,19,-0.03956447154001452
55,77,1,0.2784726908171562
55,77,2,-0.24116324228210284
55,77,3,-0.2590046755237949
55,77,4,-0.9120097880824546
55,77,5,0.7285683223860191
55,77,6,-0.11858763108519665
55,77,7,-0.5112408314980186
55,77,8,-0.6102466289385204
55,77,9,0.7045567416029144
55,77,10,1.0
55,77,11,0.3320541708313387
55,77,12,-0.8998616384883681
55,77,13,-0.2288582412397948
55,77,14,0.4843570256410712
55,77,15,0.07291487516138018
55,77,16,-0.6691378903164737
55,77,17,-0.1903439645785855
55,77,18,-0.6937587369386787
55,77,19,-0.10189276122679525
55,78,1,0.19281780077608435
55,78,2,-0.20039034420118673
55,78,3,-0.2773772939339453
55,78,4,-0.9036305096474239
55,78,5,0.7183322619423129
55,78,6,-0.07866750800561018
55,78,7,-0.5357274030275287
55,78,8,-0.5731130590858222
55,78,9,0.6860829732330687
55,78,10,0.9933599882208604
55,78,11,0.3281696574669004
55,78,12,-0.9012361343344419
55,78,13,-0.20344692641404516
55,78,14,0.4624396236531392
55,78,15,0.11145557305962517
55,78,16,-0.6478213742976868
55,78,17,-0.18958090347912981
55,78,18,-0.6942179538122271
55,78,19,-0.16438470484446688
55,79,1,0.27081348967804586
55,79,2,-0.22000338053812662
55,79,3,-0.32142277769915506
55,79,4,-0.872687199024031
55,79,5,0.5350154098414475
55,79,6,-0.05075859758637069
55,79,7,-0.4783821783629686
55,79,8,-0.5505005222384249
55,79,9,0.5806186621379879
55,79,10,0.8868096459795776
55,79,11,0.28825939305784964
55,79,12,-0.9462421483699356
55,79,13,-0.3634047431345576
55,79,14,0.3241585587727849
55,79,15,0.1335685710709833
55,79,16,-0.5321160734236321
55,79,17,-0.19769419498310992
55,79,18,-0.756135925631316
55,79,19,-0.05101413432665358
