measure,feature,feature_value,critical_score
1.0,1.0,0.047619047619047616,2
1.0,2.0,0.0,3
1.0,4.0,null,1
1.0,6.0,0.6666666666666666,2
1.0,7.0,0.4444444444444444,2
1.0,8.0,0.6666666666666666,3
1.0,9.0,0.3333333333333333,2
1.0,10.0,-0.3333333333333333,2
1.0,11.0,0.6666666666666666,2
1.0,13.0,0.3333333333333333,2
1.0,14.0,null,2
1.0,16.0,0.8888888888888888,3
1.0,17.0,null,3
1.0,18.0,0.6666666666666666,1
2.0,1.0,0.047619047619047616,5
2.0,2.0,0.0,6
2.0,3.0,0.6666666666666666,1
2.0,4.0,null,4
2.0,5.0,null,1
2.0,6.0,0.6666666666666666,5
2.0,7.0,0.4444444444444444,5
2.0,8.0,0.6666666666666666,6
2.0,9.0,0.3333333333333333,5
2.0,10.0,-0.3333333333333333,5
2.0,11.0,0.6666666666666666,5
2.0,12.0,null,3
2.0,13.0,0.3333333333333333,5
2.0,14.0,null,5
2.0,15.0,0.6666666666666666,2
2.0,16.0,0.8888888888888888,3
2.0,17.0,null,6
2.0,18.0,0.6666666666666666,4
3.0,1.0,0.047619047619047616,7
3.0,2.0,0.0,6
3.0,3.0,0.6666666666666666,1
3.0,4.0,null,4
3.0,5.0,null,1
3.0,6.0,0.6666666666666666,8
3.0,7.0,0.4444444444444444,6
3.0,8.0,0.6666666666666666,8
3.0,9.0,0.3333333333333333,6
3.0,10.0,-0.3333333333333333,7
3.0,11.0,0.6666666666666666,7
3.0,12.0,null,5
3.0,13.0,0.3333333333333333,8
3.0,14.0,null,8
3.0,15.0,0.6666666666666666,2
3.0,16.0,0.8888888888888888,2
3.0,17.0,null,7
3.0,18.0,0.6666666666666666,7
4.0,1.0,-0.1851851851851852,6
4.0,2.0,0.0,6
4.0,3.0,0.6666666666666666,1
4.0,4.0,null,5
4.0,5.0,null,1
4.0,6.0,0.6666666666666666,7
4.0,7.0,0.4444444444444444,5
4.0,8.0,0.6666666666666666,9
4.0,9.0,0.3333333333333333,6
4.0,10.0,-0.3333333333333333,7
4.0,11.0,0.6666666666666666,8
4.0,12.0,null,6
4.0,13.0,0.3333333333333333,8
4.0,14.0,null,6
4.0,15.0,0.6666666666666666,2
4.0,16.0,0.8888888888888888,1
4.0,17.0,null,7
4.0,18.0,0.6666666666666666,7
5.0,1.0,0.047619047619047616,6
5.0,2.0,0.0,6
5.0,3.0,0.6666666666666666,1
5.0,4.0,null,7
5.0,5.0,null,2
5.0,6.0,0.6666666666666666,6
5.0,7.0,0.4444444444444444,4
5.0,8.0,0.6666666666666666,9
5.0,9.0,0.3333333333333333,6
5.0,10.0,-0.3333333333333333,5
5.0,11.0,0.6666666666666666,8
5.0,12.0,null,5
5.0,13.0,0.3333333333333333,7
5.0,14.0,null,4
5.0,15.0,0.6666666666666666,3
5.0,16.0,0.8888888888888888,1
5.0,17.0,null,7
5.0,18.0,0.6666666666666666,6
6.0,1.0,0.047619047619047616,6
6.0,2.0,0.0,6
6.0,4.0,null,8
6.0,5.0,null,2
6.0,6.0,0.6666666666666666,6
6.0,7.0,0.4444444444444444,4
6.0,8.0,0.6666666666666666,9
6.0,9.0,0.3333333333333333,7
6.0,10.0,-0.3333333333333333,3
6.0,11.0,null,7
6.0,12.0,null,3
6.0,13.0,0.3333333333333333,7
6.0,14.0,null,4
6.0,15.0,0.6666666666666666,4
6.0,16.0,0.8888888888888888,3
6.0,17.0,null,7
6.0,18.0,0.6666666666666666,6
7.0,1.0,null,7
7.0,2.0,null,6
7.0,4.0,null,7
7.0,5.0,null,3
7.0,6.0,null,7
7.0,7.0,0.3333333333333333,7
7.0,8.0,null,9
7.0,9.0,null,8
7.0,10.0,null,1
7.0,11.0,null,8
7.0,12.0,null,2
7.0,13.0,0.6666666666666666,7
7.0,14.0,null,5
7.0,15.0,0.6666666666666666,7
7.0,16.0,null,5
7.0,17.0,null,7
7.0,18.0,0.6666666666666666,7
7.0,19.0,1.0,6
8.0,1.0,null,7
8.0,2.0,null,6
8.0,4.0,null,7
8.0,5.0,null,4
8.0,6.0,null,7
8.0,7.0,0.3333333333333333,8
8.0,8.0,null,8
8.0,9.0,null,8
8.0,10.0,null,1
8.0,11.0,null,8
8.0,12.0,null,3
8.0,13.0,0.6666666666666666,7
8.0,14.0,null,7
8.0,15.0,0.6666666666666666,8
8.0,16.0,null,7
8.0,17.0,null,7
8.0,18.0,0.6666666666666666,7
8.0,19.0,1.0,7
9.0,1.0,-0.6666666666666666,8
9.0,2.0,null,5
9.0,3.0,null,3
9.0,4.0,null,8
9.0,5.0,null,6
9.0,6.0,null,7
9.0,7.0,0.1111111111111111,8
9.0,8.0,null,8
9.0,9.0,null,8
9.0,10.0,null,3
9.0,11.0,0.3333333333333333,8
9.0,12.0,null,5
9.0,13.0,null,8
9.0,14.0,null,7
9.0,15.0,null,7
9.0,16.0,null,8
9.0,17.0,null,7
9.0,18.0,0.3333333333333333,6
9.0,19.0,null,7
10.0,1.0,-0.6666666666666666,8
10.0,2.0,null,7
10.0,3.0,null,4
10.0,4.0,null,8
10.0,5.0,null,8
10.0,6.0,null,7
10.0,7.0,0.1111111111111111,8
10.0,8.0,null,8
10.0,9.0,null,8
10.0,10.0,null,5
10.0,11.0,0.3333333333333333,8
10.0,12.0,null,7
10.0,13.0,null,8
10.0,14.0,null,7
10.0,15.0,null,7
10.0,16.0,null,8
10.0,17.0,null,7
10.0,18.0,0.3333333333333333,5
10.0,19.0,null,7
11.0,1.0,-0.6666666666666666,5
11.0,2.0,null,5
11.0,3.0,null,3
11.0,4.0,null,6
11.0,5.0,null,5
11.0,6.0,null,5
11.0,7.0,0.1111111111111111,5
11.0,8.0,null,6
11.0,9.0,null,5
11.0,10.0,null,5
11.0,11.0,0.3333333333333333,5
11.0,12.0,null,5
11.0,13.0,null,5
11.0,14.0,null,5
11.0,15.0,null,5
11.0,16.0,null,5
11.0,17.0,null,5
11.0,18.0,0.3333333333333333,3
11.0,19.0,null,5
12.0,1.0,-0.6666666666666666,2
12.0,2.0,null,2
12.0,3.0,null,2
12.0,4.0,null,3
12.0,5.0,null,2
12.0,6.0,null,2
12.0,7.0,0.1111111111111111,2
12.0,8.0,null,3
12.0,9.0,null,2
12.0,10.0,null,2
12.0,11.0,0.3333333333333333,2
12.0,12.0,null,2
12.0,13.0,null,2
12.0,14.0,null,2
12.0,15.0,null,2
12.0,16.0,null,2
12.0,17.0,null,2
12.0,18.0,0.3333333333333333,2
12.0,19.0,null,2
13.0,4.0,null,2
13.0,5.0,null,3
13.0,6.0,null,3
13.0,7.0,0.1111111111111111,3
13.0,11.0,0.3333333333333333,3
13.0,13.0,null,3
13.0,14.0,null,1
13.0,15.0,null,3
13.0,17.0,null,3
13.0,19.0,null,1
14.0,4.0,null,2
14.0,5.0,null,3
14.0,6.0,null,4
14.0,7.0,0.1111111111111111,3
14.0,11.0,0.3333333333333333,4
14.0,13.0,null,3
14.0,14.0,null,1
14.0,15.0,null,4
14.0,17.0,null,3
14.0,18.0,0.3333333333333333,1
14.0,19.0,null,1
15.0,4.0,null,2
15.0,5.0,null,2
15.0,6.0,null,4
15.0,7.0,0.1111111111111111,3
15.0,11.0,0.3333333333333333,5
15.0,13.0,null,2
15.0,14.0,null,1
15.0,15.0,null,4
15.0,17.0,null,3
15.0,18.0,0.3333333333333333,2
15.0,19.0,null,1
16.0,1.0,-0.7333333333333333,1
16.0,2.0,-0.6666666666666666,1
16.0,3.0,null,1
16.0,4.0,null,2
16.0,5.0,null,2
16.0,6.0,null,5
16.0,7.0,0.1111111111111111,4
16.0,8.0,null,1
16.0,9.0,null,1
16.0,10.0,null,1
16.0,11.0,0.5,7
16.0,12.0,null,1
16.0,13.0,null,2
16.0,14.0,null,2
16.0,15.0,null,5
16.0,16.0,null,1
16.0,17.0,null,4
16.0,18.0,0.3333333333333333,4
16.0,19.0,1.0,2
17.0,1.0,-0.6666666666666666,3
17.0,2.0,null,3
17.0,3.0,null,3
17.0,4.0,null,2
17.0,5.0,null,1
17.0,6.0,null,6
17.0,7.0,0.16666666666666666,5
17.0,8.0,null,2
17.0,9.0,null,3
17.0,10.0,null,3
17.0,11.0,0.5,8
17.0,12.0,null,3
17.0,13.0,0.3333333333333333,3
17.0,14.0,-0.3333333333333333,2
17.0,15.0,null,6
17.0,16.0,null,2
17.0,17.0,null,5
17.0,18.0,0.3333333333333333,6
17.0,19.0,1.0,2
18.0,1.0,-0.6,4
18.0,2.0,null,3
18.0,3.0,null,5
18.0,4.0,null,3
18.0,5.0,null,1
18.0,6.0,null,7
18.0,7.0,0.16666666666666666,7
18.0,8.0,null,2
18.0,9.0,null,4
18.0,10.0,null,3
18.0,11.0,0.5,7
18.0,12.0,null,4
18.0,13.0,0.3333333333333333,5
18.0,14.0,-0.3333333333333333,3
18.0,15.0,null,7
18.0,16.0,null,3
18.0,17.0,null,7
18.0,18.0,0.3333333333333333,7
18.0,19.0,1.0,2
19.0,1.0,-0.6,4
19.0,2.0,null,3
19.0,3.0,null,5
19.0,4.0,null,4
19.0,5.0,null,1
19.0,6.0,null,5
19.0,7.0,0.16666666666666666,5
19.0,8.0,null,2
19.0,9.0,null,4
19.0,10.0,null,3
19.0,11.0,0.5,6
19.0,12.0,null,5
19.0,13.0,0.3333333333333333,5
19.0,14.0,-0.3333333333333333,3
19.0,15.0,null,5
19.0,16.0,null,3
19.0,17.0,null,5
19.0,18.0,0.3333333333333333,5
19.0,19.0,1.0,2
20.0,1.0,-0.6,2
20.0,2.0,null,1
20.0,3.0,null,2
20.0,4.0,null,3
20.0,6.0,null,2
20.0,7.0,0.16666666666666666,2
20.0,8.0,null,1
20.0,9.0,null,2
20.0,10.0,null,1
20.0,11.0,0.5,3
20.0,12.0,null,3
20.0,13.0,0.3333333333333333,2
20.0,15.0,null,2
20.0,16.0,null,2
20.0,17.0,null,2
20.0,18.0,0.3333333333333333,2
20.0,19.0,1.0,1
21.0,8.0,null,1
21.0,11.0,0.5,1
22.0,8.0,null,2
22.0,11.0,0.5,2
23.0,8.0,null,3
23.0,9.0,null,1
23.0,11.0,0.5,3
24.0,1.0,-0.6,1
24.0,7.0,0.16666666666666666,1
24.0,8.0,null,5
24.0,9.0,null,2
24.0,11.0,0.5,5
24.0,12.0,null,1
24.0,14.0,-0.3333333333333333,1
24.0,15.0,null,1
24.0,16.0,null,1
24.0,17.0,null,1
24.0,18.0,0.3333333333333333,1
25.0,1.0,-0.7083333333333333,3
25.0,7.0,0.2083333333333333,3
25.0,8.0,null,6
25.0,9.0,null,4
25.0,11.0,0.3333333333333333,6
25.0,12.0,null,3
25.0,14.0,-0.3333333333333333,3
25.0,15.0,0.16666666666666666,3
25.0,16.0,null,3
25.0,17.0,null,3
25.0,18.0,0.3333333333333333,3
26.0,1.0,-0.6296296296296295,3
26.0,7.0,0.2083333333333333,3
26.0,8.0,null,5
26.0,9.0,null,4
26.0,11.0,0.3333333333333333,7
26.0,12.0,null,3
26.0,14.0,-0.3333333333333333,3
26.0,15.0,0.16666666666666666,3
26.0,16.0,null,3
26.0,17.0,null,3
26.0,18.0,0.3333333333333333,4
27.0,1.0,-0.6296296296296295,3
27.0,7.0,0.2083333333333333,3
27.0,8.0,null,3
27.0,9.0,null,3
27.0,11.0,0.3333333333333333,5
27.0,12.0,null,3
27.0,14.0,-0.3333333333333333,3
27.0,15.0,0.16666666666666666,3
27.0,16.0,null,3
27.0,17.0,null,3
27.0,18.0,0.3333333333333333,5
28.0,1.0,-0.5833333333333333,1
28.0,7.0,0.2083333333333333,1
28.0,8.0,null,1
28.0,9.0,null,1
28.0,11.0,0.3333333333333333,2
28.0,12.0,null,1
28.0,14.0,-0.3333333333333333,1
28.0,15.0,0.16666666666666666,1
28.0,16.0,null,1
28.0,17.0,null,1
28.0,18.0,0.3333333333333333,4
29.0,1.0,-0.5833333333333333,3
29.0,3.0,null,3
29.0,4.0,null,3
29.0,6.0,-0.6666666666666666,3
29.0,7.0,0.2083333333333333,3
29.0,9.0,null,3
29.0,10.0,null,3
29.0,11.0,0.3333333333333333,1
29.0,13.0,0.3333333333333333,3
29.0,14.0,-0.3333333333333333,3
29.0,15.0,0.16666666666666666,3
29.0,16.0,null,1
29.0,17.0,null,2
29.0,18.0,0.3333333333333333,6
29.0,19.0,null,3
30.0,1.0,-0.5833333333333333,3
30.0,3.0,null,3
30.0,4.0,0.16666666666666666,3
30.0,6.0,-0.3333333333333333,3
30.0,7.0,0.2083333333333333,3
30.0,9.0,null,4
30.0,10.0,null,4
30.0,11.0,0.3333333333333333,1
30.0,13.0,0.3333333333333333,3
30.0,14.0,-0.3333333333333333,4
30.0,15.0,0.16666666666666666,3
30.0,16.0,null,1
30.0,17.0,null,2
30.0,18.0,0.3333333333333333,5
30.0,19.0,null,4
31.0,1.0,-0.5833333333333333,2
31.0,3.0,null,3
31.0,4.0,0.16666666666666666,2
31.0,6.0,-0.3333333333333333,2
31.0,7.0,0.2083333333333333,2
31.0,8.0,null,1
31.0,9.0,null,5
31.0,10.0,null,3
31.0,11.0,0.3333333333333333,1
31.0,13.0,0.3333333333333333,2
31.0,14.0,-0.3333333333333333,3
31.0,15.0,0.16666666666666666,2
31.0,16.0,null,2
31.0,17.0,null,2
31.0,18.0,0.3333333333333333,4
31.0,19.0,null,4
32.0,1.0,-0.5833333333333333,3
32.0,3.0,null,2
32.0,4.0,0.16666666666666666,2
32.0,6.0,-0.3333333333333333,1
32.0,7.0,0.2083333333333333,1
32.0,8.0,null,3
32.0,9.0,null,5
32.0,10.0,null,2
32.0,11.0,0.3333333333333333,3
32.0,13.0,0.3333333333333333,2
32.0,14.0,-0.3333333333333333,4
32.0,15.0,0.16666666666666666,1
32.0,16.0,null,4
32.0,17.0,null,1
32.0,18.0,0.3333333333333333,4
32.0,19.0,null,4
33.0,1.0,null,5
33.0,3.0,null,4
33.0,4.0,null,3
33.0,5.0,null,3
33.0,8.0,null,5
33.0,9.0,null,5
33.0,10.0,null,3
33.0,11.0,null,6
33.0,12.0,null,2
33.0,13.0,null,1
33.0,14.0,null,6
33.0,16.0,null,6
33.0,17.0,null,2
33.0,18.0,null,6
33.0,19.0,1.0,6
34.0,1.0,null,6
34.0,3.0,null,7
34.0,4.0,null,5
34.0,5.0,null,6
34.0,6.0,null,1
34.0,8.0,null,7
34.0,9.0,null,3
34.0,10.0,null,4
34.0,11.0,null,9
34.0,12.0,null,4
34.0,13.0,null,1
34.0,14.0,null,6
34.0,16.0,null,8
34.0,17.0,null,4
34.0,18.0,null,6
34.0,19.0,1.0,5
35.0,1.0,null,6
35.0,3.0,null,8
35.0,4.0,null,6
35.0,5.0,null,8
35.0,6.0,null,3
35.0,8.0,null,7
35.0,9.0,null,3
35.0,10.0,null,6
35.0,11.0,null,9
35.0,12.0,null,6
35.0,13.0,null,3
35.0,14.0,null,6
35.0,16.0,null,7
35.0,17.0,null,6
35.0,18.0,null,3
35.0,19.0,1.0,3
36.0,1.0,null,6
36.0,3.0,null,8
36.0,4.0,null,5
36.0,5.0,null,9
36.0,6.0,null,5
36.0,8.0,null,7
36.0,9.0,null,3
36.0,10.0,null,8
36.0,11.0,null,9
36.0,12.0,null,7
36.0,13.0,null,5
36.0,14.0,null,5
36.0,16.0,null,6
36.0,17.0,null,6
36.0,18.0,null,1
36.0,19.0,1.0,2
37.0,1.0,null,5
37.0,3.0,null,7
37.0,4.0,null,5
37.0,5.0,null,9
37.0,6.0,null,7
37.0,7.0,null,1
37.0,8.0,null,7
37.0,9.0,null,2
37.0,10.0,null,7
37.0,11.0,null,9
37.0,12.0,null,6
37.0,13.0,null,5
37.0,14.0,null,5
37.0,15.0,null,1
37.0,16.0,null,5
37.0,17.0,null,6
37.0,19.0,1.0,1
38.0,1.0,null,4
38.0,2.0,null,1
38.0,3.0,null,6
38.0,4.0,null,7
38.0,5.0,null,8
38.0,6.0,null,7
38.0,7.0,null,2
38.0,8.0,null,8
38.0,9.0,0.6666666666666666,3
38.0,10.0,-0.16666666666666666,4
38.0,11.0,null,8
38.0,12.0,null,4
38.0,13.0,null,5
38.0,14.0,null,4
38.0,15.0,null,2
38.0,16.0,null,4
38.0,17.0,null,5
38.0,18.0,null,1
38.0,19.0,1.0,2
39.0,1.0,null,4
39.0,2.0,null,3
39.0,3.0,null,5
39.0,4.0,null,7
39.0,5.0,null,8
39.0,6.0,null,7
39.0,7.0,null,4
39.0,8.0,null,8
39.0,9.0,null,2
39.0,10.0,null,2
39.0,11.0,null,6
39.0,12.0,null,2
39.0,13.0,null,5
39.0,14.0,null,5
39.0,15.0,null,4
39.0,16.0,null,3
39.0,17.0,null,4
39.0,18.0,null,3
39.0,19.0,1.0,4
40.0,1.0,0.3333333333333333,6
40.0,2.0,null,4
40.0,3.0,null,3
40.0,4.0,null,8
40.0,5.0,null,9
40.0,6.0,null,8
40.0,7.0,null,7
40.0,8.0,null,8
40.0,9.0,null,1
40.0,10.0,null,1
40.0,11.0,null,3
40.0,12.0,null,1
40.0,13.0,null,6
40.0,14.0,null,7
40.0,15.0,null,6
40.0,16.0,null,2
40.0,17.0,null,2
40.0,18.0,null,5
40.0,19.0,1.0,4
41.0,1.0,0.2222222222222222,6
41.0,2.0,null,5
41.0,4.0,0.0,8
41.0,5.0,null,8
41.0,6.0,0.6666666666666666,6
41.0,7.0,0.3333333333333333,8
41.0,8.0,null,7
41.0,9.0,null,1
41.0,13.0,0.6666666666666666,5
41.0,14.0,null,6
41.0,15.0,null,7
41.0,18.0,null,6
41.0,19.0,1.0,5
42.0,1.0,0.2222222222222222,3
42.0,2.0,null,3
42.0,4.0,0.0,7
42.0,5.0,null,7
42.0,6.0,0.6666666666666666,3
42.0,7.0,0.3333333333333333,7
42.0,8.0,null,4
42.0,13.0,0.6666666666666666,3
42.0,14.0,null,3
42.0,15.0,null,7
42.0,18.0,null,4
42.0,19.0,1.0,3
43.0,1.0,0.2222222222222222,1
43.0,2.0,null,2
43.0,4.0,0.0,8
43.0,5.0,null,8
43.0,6.0,0.6666666666666666,1
43.0,7.0,0.3333333333333333,6
43.0,8.0,null,3
43.0,13.0,0.6666666666666666,2
43.0,14.0,null,1
43.0,15.0,null,6
43.0,18.0,null,3
43.0,19.0,1.0,3
44.0,2.0,null,1
44.0,4.0,0.0,8
44.0,5.0,null,8
44.0,7.0,0.3333333333333333,4
44.0,8.0,null,3
44.0,13.0,0.6666666666666666,2
44.0,15.0,null,5
44.0,18.0,null,3
44.0,19.0,1.0,2
45.0,1.0,0.2222222222222222,3
45.0,2.0,null,3
45.0,3.0,null,2
45.0,4.0,0.0,8
45.0,5.0,null,8
45.0,6.0,0.6666666666666666,3
45.0,7.0,0.3333333333333333,5
45.0,8.0,null,4
45.0,9.0,null,3
45.0,10.0,-0.7777777777777777,2
45.0,11.0,null,1
45.0,12.0,-0.3333333333333333,1
45.0,13.0,0.6666666666666666,5
45.0,14.0,null,2
45.0,15.0,null,6
45.0,16.0,null,2
45.0,17.0,null,3
45.0,18.0,null,5
45.0,19.0,1.0,4
46.0,1.0,0.16666666666666666,5
46.0,2.0,null,4
46.0,3.0,null,2
46.0,4.0,0.0,8
46.0,5.0,-0.3333333333333333,9
46.0,6.0,null,5
46.0,7.0,0.3333333333333333,6
46.0,8.0,null,6
46.0,9.0,null,5
46.0,10.0,-0.6666666666666666,2
46.0,11.0,null,3
46.0,12.0,null,1
46.0,13.0,0.6666666666666666,7
46.0,14.0,null,4
46.0,15.0,null,7
46.0,16.0,null,4
46.0,17.0,null,4
46.0,18.0,null,7
46.0,19.0,null,4
47.0,1.0,0.2222222222222222,7
47.0,2.0,null,5
47.0,3.0,null,3
47.0,4.0,0.0,8
47.0,5.0,0.0,9
47.0,6.0,null,7
47.0,7.0,0.3333333333333333,7
47.0,8.0,null,8
47.0,9.0,null,6
47.0,10.0,-0.6666666666666666,3
47.0,11.0,null,6
47.0,12.0,null,1
47.0,13.0,0.6666666666666666,7
47.0,14.0,null,5
47.0,15.0,null,7
47.0,16.0,null,7
47.0,17.0,null,5
47.0,18.0,null,8
47.0,19.0,null,3
48.0,1.0,0.2222222222222222,8
48.0,2.0,null,6
48.0,3.0,null,4
48.0,4.0,0.0,9
48.0,5.0,null,8
48.0,6.0,null,8
48.0,7.0,0.3333333333333333,9
48.0,8.0,null,8
48.0,9.0,null,7
48.0,10.0,-0.6666666666666666,4
48.0,11.0,null,8
48.0,12.0,null,2
48.0,13.0,0.6666666666666666,7
48.0,14.0,null,6
48.0,15.0,null,7
48.0,16.0,null,8
48.0,17.0,null,6
48.0,18.0,null,8
48.0,19.0,null,4
49.0,1.0,-0.6666666666666666,8
49.0,2.0,-0.6666666666666666,8
49.0,3.0,null,5
49.0,4.0,null,9
49.0,5.0,null,8
49.0,6.0,null,8
49.0,7.0,0.6666666666666666,9
49.0,8.0,null,8
49.0,9.0,null,8
49.0,10.0,0.3333333333333333,6
49.0,11.0,null,7
49.0,12.0,null,4
49.0,13.0,0.6666666666666666,8
49.0,14.0,null,7
49.0,15.0,null,8
49.0,16.0,null,7
49.0,17.0,null,6
49.0,18.0,null,8
49.0,19.0,null,6
50.0,1.0,-0.6666666666666666,9
50.0,2.0,-0.6666666666666666,9
50.0,3.0,null,8
50.0,4.0,null,9
50.0,5.0,null,8
50.0,6.0,null,9
50.0,7.0,0.6666666666666666,9
50.0,8.0,null,9
50.0,9.0,null,9
50.0,10.0,null,9
50.0,11.0,null,8
50.0,12.0,null,7
50.0,13.0,0.6666666666666666,9
50.0,14.0,null,9
50.0,15.0,null,9
50.0,16.0,null,7
50.0,17.0,null,9
50.0,18.0,null,9
50.0,19.0,1.0,9
51.0,1.0,-0.6666666666666666,9
51.0,2.0,-0.6666666666666666,8
51.0,3.0,null,8
51.0,4.0,null,9
51.0,5.0,null,5
51.0,6.0,null,9
51.0,7.0,0.6666666666666666,9
51.0,8.0,null,9
51.0,9.0,null,8
51.0,10.0,null,9
51.0,11.0,null,7
51.0,12.0,null,9
51.0,13.0,0.6666666666666666,9
51.0,14.0,null,9
51.0,15.0,null,8
51.0,16.0,null,5
51.0,17.0,null,8
51.0,18.0,null,9
51.0,19.0,1.0,9
52.0,1.0,-0.6666666666666666,9
52.0,2.0,-0.6666666666666666,7
52.0,3.0,null,5
52.0,4.0,null,8
52.0,5.0,null,2
52.0,6.0,null,9
52.0,7.0,0.6666666666666666,9
52.0,8.0,null,9
52.0,9.0,null,7
52.0,10.0,null,9
52.0,11.0,null,5
52.0,12.0,null,9
52.0,13.0,0.6666666666666666,9
52.0,14.0,null,9
52.0,15.0,null,8
52.0,16.0,null,3
52.0,17.0,null,6
52.0,18.0,null,9
52.0,19.0,1.0,9
53.0,1.0,-0.6666666666666666,9
53.0,2.0,-0.6666666666666666,7
53.0,3.0,null,3
53.0,4.0,null,8
53.0,5.0,null,2
53.0,6.0,null,9
53.0,7.0,0.6666666666666666,9
53.0,8.0,null,9
53.0,9.0,null,7
53.0,10.0,null,9
53.0,11.0,null,3
53.0,12.0,null,9
53.0,13.0,0.6666666666666666,9
53.0,14.0,null,9
53.0,15.0,null,9
53.0,16.0,null,2
53.0,17.0,null,5
53.0,18.0,null,9
53.0,19.0,1.0,9
54.0,1.0,-0.6666666666666666,8
54.0,2.0,-0.6666666666666666,6
54.0,3.0,null,1
54.0,4.0,null,7
54.0,5.0,null,3
54.0,6.0,null,8
54.0,7.0,0.6666666666666666,7
54.0,8.0,null,9
54.0,9.0,null,6
54.0,10.0,-0.6666666666666666,8
54.0,11.0,null,3
54.0,12.0,null,9
54.0,13.0,0.6666666666666666,8
54.0,14.0,null,8
54.0,15.0,null,8
54.0,16.0,null,3
54.0,17.0,null,5
54.0,18.0,null,8
54.0,19.0,1.0,9
55.0,1.0,-0.6666666666666666,6
55.0,2.0,-0.6666666666666666,4
55.0,4.0,null,4
55.0,5.0,null,4
55.0,6.0,null,7
55.0,7.0,0.5833333333333334,5
55.0,8.0,null,7
55.0,9.0,null,4
55.0,10.0,-0.6666666666666666,6
55.0,11.0,null,4
55.0,12.0,null,8
55.0,13.0,0.6666666666666666,6
55.0,14.0,null,6
55.0,15.0,null,8
55.0,16.0,null,5
55.0,17.0,null,6
55.0,18.0,null,6
55.0,19.0,1.0,7
56.0,1.0,-0.6666666666666666,3
56.0,2.0,-0.6666666666666666,2
56.0,4.0,null,2
56.0,5.0,null,5
56.0,6.0,null,7
56.0,7.0,0.5833333333333334,3
56.0,8.0,null,4
56.0,9.0,null,2
56.0,10.0,-0.6666666666666666,3
56.0,11.0,null,6
56.0,12.0,null,6
56.0,13.0,0.6666666666666666,3
56.0,14.0,null,3
56.0,15.0,null,9
56.0,16.0,null,7
56.0,17.0,null,7
56.0,18.0,null,3
56.0,19.0,1.0,4
57.0,5.0,null,6
57.0,6.0,null,5
57.0,8.0,null,1
57.0,11.0,null,6
57.0,12.0,-0.6666666666666666,3
57.0,15.0,null,6
57.0,16.0,null,6
57.0,17.0,null,5
57.0,19.0,1.0,1
58.0,5.0,null,5
58.0,6.0,null,3
58.0,11.0,null,3
58.0,12.0,-0.6666666666666666,2
58.0,15.0,null,3
58.0,16.0,null,3
58.0,17.0,null,3
59.0,5.0,null,3
59.0,6.0,null,1
59.0,11.0,null,1
59.0,12.0,-0.6666666666666666,1
59.0,15.0,null,1
59.0,16.0,null,1
59.0,17.0,null,1
60.0,5.0,null,1
69.0,2.0,null,1
69.0,3.0,null,1
69.0,4.0,null,1
69.0,5.0,0.3333333333333333,2
69.0,6.0,null,1
69.0,7.0,0.3333333333333333,1
69.0,10.0,0.3333333333333333,1
69.0,13.0,0.8333333333333333,2
69.0,14.0,-0.5,1
69.0,15.0,0.8333333333333333,2
69.0,18.0,0.6666666666666666,1
69.0,19.0,1.0,2
70.0,2.0,null,3
70.0,3.0,null,3
70.0,4.0,null,4
70.0,5.0,0.3333333333333333,5
70.0,6.0,null,3
70.0,7.0,0.3333333333333333,3
70.0,8.0,null,1
70.0,10.0,0.3333333333333333,3
70.0,13.0,0.8333333333333333,5
70.0,14.0,-0.5,3
70.0,15.0,0.8333333333333333,5
70.0,18.0,0.6666666666666666,3
70.0,19.0,1.0,4
71.0,2.0,null,3
71.0,3.0,null,3
71.0,4.0,null,4
71.0,5.0,0.3333333333333333,7
71.0,6.0,null,4
71.0,7.0,0.3333333333333333,4
71.0,8.0,null,1
71.0,10.0,0.3333333333333333,3
71.0,13.0,0.8333333333333333,5
71.0,14.0,-0.5,4
71.0,15.0,0.8333333333333333,5
71.0,18.0,0.6666666666666666,4
71.0,19.0,1.0,4
72.0,2.0,null,3
72.0,3.0,null,3
72.0,4.0,null,3
72.0,5.0,0.0,5
72.0,6.0,null,4
72.0,7.0,0.3333333333333333,4
72.0,8.0,null,1
72.0,10.0,0.3333333333333333,3
72.0,13.0,0.8333333333333333,3
72.0,14.0,-0.5,4
72.0,15.0,0.8333333333333333,3
72.0,18.0,0.6666666666666666,4
72.0,19.0,1.0,3
73.0,2.0,null,1
73.0,3.0,null,1
73.0,4.0,0.0,1
73.0,5.0,null,4
73.0,6.0,null,2
73.0,7.0,null,2
73.0,8.0,null,1
73.0,10.0,null,1
73.0,13.0,0.6666666666666666,1
73.0,14.0,null,2
73.0,15.0,null,2
73.0,18.0,null,2
73.0,19.0,1.0,1
74.0,5.0,null,3
74.0,6.0,null,1
74.0,7.0,null,1
74.0,14.0,null,1
74.0,15.0,null,2
74.0,18.0,null,1
75.0,5.0,null,4
75.0,9.0,null,1
75.0,10.0,null,1
75.0,11.0,0.3333333333333333,1
75.0,15.0,null,3
76.0,5.0,null,5
76.0,9.0,null,3
76.0,10.0,null,1
76.0,11.0,0.3333333333333333,3
76.0,15.0,null,5
77.0,2.0,null,3
77.0,3.0,null,3
77.0,4.0,0.0,1
77.0,5.0,null,7
77.0,6.0,null,3
77.0,7.0,null,3
77.0,8.0,null,3
77.0,9.0,null,6
77.0,10.0,null,4
77.0,11.0,0.3333333333333333,6
77.0,12.0,null,3
77.0,13.0,0.6666666666666666,3
77.0,14.0,null,3
77.0,15.0,null,7
77.0,16.0,null,3
77.0,18.0,null,3
77.0,19.0,1.0,3
78.0,2.0,null,3
78.0,3.0,null,3
78.0,4.0,0.0,1
78.0,5.0,null,6
78.0,6.0,null,3
78.0,7.0,null,4
78.0,8.0,null,4
78.0,9.0,null,6
78.0,10.0,null,4
78.0,11.0,0.3333333333333333,6
78.0,12.0,null,3
78.0,13.0,0.6666666666666666,4
78.0,14.0,null,3
78.0,15.0,null,7
78.0,16.0,null,3
78.0,18.0,null,4
78.0,19.0,1.0,4
79.0,2.0,null,2
79.0,3.0,null,2
79.0,4.0,0.0,2
79.0,5.0,null,6
79.0,6.0,null,2
79.0,7.0,null,4
79.0,8.0,null,3
79.0,9.0,null,3
79.0,10.0,null,2
79.0,11.0,0.3333333333333333,3
79.0,12.0,null,2
79.0,13.0,0.6666666666666666,4
79.0,14.0,-1.0,3
79.0,15.0,null,6
79.0,16.0,null,2
79.0,18.0,null,3
79.0,19.0,1.0,4
80.0,2.0,null,1
80.0,3.0,null,1
80.0,4.0,0.0,3
80.0,5.0,null,6
80.0,6.0,null,1
80.0,7.0,null,4
80.0,8.0,null,2
80.0,9.0,null,1
80.0,10.0,null,1
80.0,11.0,0.3333333333333333,1
80.0,12.0,null,1
80.0,13.0,0.6666666666666666,3
80.0,14.0,-1.0,3
80.0,15.0,null,6
80.0,16.0,null,1
80.0,18.0,null,2
80.0,19.0,1.0,4
81.0,4.0,0.0,3
81.0,5.0,-0.3333333333333333,7
81.0,7.0,0.3809523809523809,5
81.0,8.0,null,1
81.0,13.0,0.6666666666666666,3
81.0,14.0,null,3
81.0,15.0,null,7
81.0,18.0,null,2
81.0,19.0,0.8333333333333333,4
82.0,4.0,0.0,5
82.0,5.0,-0.3333333333333333,7
82.0,7.0,0.3809523809523809,5
82.0,13.0,0.6666666666666666,2
82.0,14.0,null,3
82.0,15.0,null,6
82.0,18.0,null,1
82.0,19.0,0.8333333333333333,3
83.0,4.0,0.0,4
83.0,5.0,-0.3333333333333333,7
83.0,7.0,0.3809523809523809,4
83.0,13.0,0.6666666666666666,1
83.0,14.0,null,2
83.0,15.0,null,4
83.0,18.0,null,1
83.0,19.0,0.8333333333333333,2
84.0,4.0,0.0,4
84.0,5.0,-0.3333333333333333,7
84.0,7.0,0.3809523809523809,3
84.0,13.0,0.6666666666666666,1
84.0,14.0,null,1
84.0,15.0,null,2
84.0,18.0,null,2
84.0,19.0,0.8333333333333333,2
85.0,4.0,0.0,3
85.0,5.0,-0.3333333333333333,7
85.0,6.0,null,1
85.0,7.0,0.3809523809523809,2
85.0,10.0,-0.3333333333333333,1
85.0,18.0,null,2
85.0,19.0,0.8333333333333333,2
86.0,4.0,0.0,2
86.0,5.0,-0.2222222222222222,7
86.0,6.0,null,1
86.0,7.0,0.3888888888888888,2
86.0,10.0,-0.3333333333333333,1
86.0,18.0,null,2
86.0,19.0,0.8333333333333333,3
87.0,4.0,0.0,2
87.0,5.0,-0.2222222222222222,5
87.0,6.0,null,1
87.0,7.0,0.3888888888888888,2
87.0,8.0,null,1
87.0,10.0,-0.3333333333333333,1
87.0,18.0,null,2
87.0,19.0,0.8333333333333333,3
88.0,4.0,0.0,1
88.0,5.0,-0.2222222222222222,3
88.0,6.0,null,1
88.0,7.0,0.3888888888888888,1
88.0,8.0,null,1
88.0,10.0,-0.3333333333333333,1
88.0,18.0,null,1
88.0,19.0,0.8333333333333333,2
89.0,4.0,0.2222222222222222,1
89.0,5.0,0.0,3
89.0,8.0,null,1
89.0,10.0,-0.3333333333333333,1
89.0,19.0,1.0,1
90.0,4.0,0.2222222222222222,2
90.0,5.0,0.0,4
90.0,8.0,null,1
90.0,10.0,-0.3333333333333333,2
90.0,13.0,0.6666666666666666,1
91.0,4.0,0.2222222222222222,3
91.0,5.0,0.0,6
91.0,10.0,-0.3333333333333333,4
91.0,13.0,0.6666666666666666,1
92.0,4.0,0.2222222222222222,4
92.0,5.0,0.0,7
92.0,10.0,-0.3333333333333333,6
92.0,13.0,0.6666666666666666,1
93.0,4.0,0.2222222222222222,5
93.0,5.0,0.0,7
93.0,7.0,0.4166666666666666,1
93.0,8.0,null,2
93.0,9.0,0.3333333333333333,1
93.0,10.0,-0.3333333333333333,7
93.0,13.0,0.5,2
93.0,15.0,null,1
94.0,4.0,0.3333333333333333,6
94.0,5.0,-0.6666666666666666,7
94.0,7.0,0.4,1
94.0,8.0,null,4
94.0,9.0,null,3
94.0,10.0,-0.3333333333333333,6
94.0,13.0,0.5555555555555555,1
94.0,15.0,null,1
95.0,4.0,0.3333333333333333,6
95.0,5.0,null,6
95.0,7.0,0.4,2
95.0,8.0,null,6
95.0,9.0,null,4
95.0,10.0,-0.3333333333333333,5
95.0,12.0,null,1
95.0,13.0,0.5555555555555555,1
95.0,15.0,null,1
95.0,17.0,null,1
96.0,4.0,0.3333333333333333,6
96.0,5.0,null,6
96.0,7.0,0.4,3
96.0,8.0,null,6
96.0,9.0,null,6
96.0,10.0,-0.3333333333333333,5
96.0,12.0,null,2
96.0,13.0,0.5555555555555555,1
96.0,15.0,null,1
96.0,17.0,null,1
97.0,2.0,null,1
97.0,4.0,null,7
97.0,5.0,null,7
97.0,7.0,null,3
97.0,8.0,null,5
97.0,9.0,null,6
97.0,10.0,null,6
97.0,12.0,0.3333333333333333,3
97.0,15.0,null,1
97.0,17.0,0.3333333333333333,2
97.0,18.0,0.6666666666666666,1
98.0,2.0,null,3
98.0,4.0,null,9
98.0,5.0,null,8
98.0,7.0,null,4
98.0,8.0,null,5
98.0,9.0,null,5
98.0,10.0,null,6
98.0,12.0,0.3333333333333333,3
98.0,15.0,null,3
98.0,16.0,null,1
98.0,17.0,0.3333333333333333,3
98.0,18.0,0.6666666666666666,1
99.0,1.0,0.0,1
99.0,2.0,null,4
99.0,4.0,null,8
99.0,5.0,null,7
99.0,7.0,null,5
99.0,8.0,null,7
99.0,9.0,null,4
99.0,10.0,null,5
99.0,11.0,null,1
99.0,12.0,0.3333333333333333,4
99.0,15.0,null,5
99.0,16.0,null,3
99.0,17.0,0.3333333333333333,2
99.0,18.0,0.6666666666666666,1
100.0,1.0,0.0,4
100.0,2.0,null,7
100.0,3.0,null,1
100.0,4.0,null,8
100.0,5.0,null,7
100.0,7.0,null,7
100.0,8.0,null,9
100.0,9.0,null,4
100.0,10.0,null,5
100.0,11.0,null,2
100.0,12.0,0.3333333333333333,4
100.0,13.0,null,2
100.0,14.0,null,3
100.0,15.0,null,7
100.0,16.0,null,6
100.0,17.0,0.3333333333333333,3
100.0,18.0,0.6666666666666666,2
100.0,19.0,null,2
101.0,1.0,0.0,6
101.0,2.0,null,8
101.0,3.0,null,3
101.0,4.0,null,9
101.0,5.0,null,8
101.0,7.0,null,9
101.0,8.0,null,8
101.0,9.0,null,5
101.0,10.0,null,6
101.0,11.0,null,4
101.0,12.0,0.3333333333333333,3
101.0,13.0,null,4
101.0,14.0,null,5
101.0,15.0,null,7
101.0,16.0,null,8
101.0,17.0,0.3333333333333333,3
101.0,18.0,0.6666666666666666,1
101.0,19.0,null,4
102.0,1.0,0.6666666666666666,6
102.0,2.0,null,8
102.0,3.0,null,6
102.0,4.0,null,8
102.0,5.0,null,9
102.0,7.0,null,9
102.0,8.0,null,8
102.0,9.0,null,7
102.0,10.0,null,6
102.0,11.0,null,5
102.0,12.0,0.3333333333333333,4
102.0,13.0,null,7
102.0,14.0,null,6
102.0,15.0,null,8
102.0,16.0,null,7
102.0,17.0,0.3333333333333333,5
102.0,18.0,0.6666666666666666,3
102.0,19.0,null,6
103.0,1.0,0.6666666666666666,6
103.0,2.0,null,5
103.0,3.0,null,7
103.0,4.0,null,8
103.0,5.0,null,9
103.0,7.0,null,8
103.0,8.0,null,6
103.0,9.0,null,6
103.0,10.0,null,4
103.0,11.0,null,6
103.0,12.0,0.3333333333333333,3
103.0,13.0,null,8
103.0,14.0,null,7
103.0,15.0,null,8
103.0,16.0,null,6
103.0,17.0,0.3333333333333333,5
103.0,18.0,0.6666666666666666,4
103.0,19.0,null,6
104.0,1.0,0.6666666666666666,4
104.0,2.0,null,3
104.0,3.0,null,6
104.0,4.0,null,8
104.0,5.0,null,9
104.0,7.0,null,7
104.0,8.0,null,3
104.0,9.0,null,5
104.0,10.0,null,2
104.0,11.0,null,7
104.0,12.0,0.3333333333333333,4
104.0,13.0,null,7
104.0,14.0,-1.0,6
104.0,15.0,null,8
104.0,16.0,null,5
104.0,17.0,0.3333333333333333,5
104.0,18.0,0.6666666666666666,3
104.0,19.0,null,5
105.0,1.0,null,2
105.0,2.0,-0.2777777777777778,3
105.0,3.0,null,6
105.0,4.0,null,7
105.0,5.0,-1.0,8
105.0,7.0,null,6
105.0,8.0,null,2
105.0,9.0,null,4
105.0,10.0,null,2
105.0,11.0,null,9
105.0,12.0,null,5
105.0,13.0,0.6666666666666666,6
105.0,14.0,-0.8333333333333333,5
105.0,15.0,null,6
105.0,16.0,null,6
105.0,17.0,null,5
105.0,18.0,0.6666666666666666,3
105.0,19.0,0.9166666666666666,3
106.0,1.0,null,2
106.0,2.0,-0.2380952380952381,4
106.0,3.0,null,6
106.0,4.0,null,8
106.0,5.0,-1.0,8
106.0,7.0,null,6
106.0,8.0,null,2
106.0,9.0,null,6
106.0,10.0,null,4
106.0,11.0,null,8
106.0,12.0,null,4
106.0,13.0,0.6666666666666666,5
106.0,14.0,-0.8333333333333333,7
106.0,15.0,null,3
106.0,16.0,null,8
106.0,17.0,null,5
106.0,18.0,0.6666666666666666,3
106.0,19.0,0.9166666666666666,5
107.0,1.0,null,1
107.0,2.0,-0.2380952380952381,4
107.0,3.0,null,4
107.0,4.0,null,9
107.0,5.0,-1.0,9
107.0,6.0,null,1
107.0,7.0,null,7
107.0,8.0,null,2
107.0,9.0,null,6
107.0,10.0,null,4
107.0,11.0,null,6
107.0,12.0,null,2
107.0,13.0,0.6666666666666666,6
107.0,14.0,-0.8333333333333333,8
107.0,15.0,null,2
107.0,16.0,null,6
107.0,17.0,null,4
107.0,18.0,0.6666666666666666,2
107.0,19.0,0.9166666666666666,6
108.0,2.0,-0.25925925925925924,2
108.0,3.0,null,2
108.0,4.0,null,9
108.0,5.0,-1.0,9
108.0,6.0,null,1
108.0,7.0,null,9
108.0,8.0,null,2
108.0,9.0,null,5
108.0,10.0,null,2
108.0,11.0,null,3
108.0,13.0,0.6666666666666666,8
108.0,14.0,-0.8333333333333333,9
108.0,15.0,null,1
108.0,16.0,null,5
108.0,17.0,null,3
108.0,18.0,0.6666666666666666,1
108.0,19.0,0.9166666666666666,7
109.0,1.0,null,1
109.0,2.0,-0.2380952380952381,1
109.0,3.0,null,1
109.0,4.0,null,9
109.0,5.0,-1.0,9
109.0,6.0,null,2
109.0,7.0,null,9
109.0,8.0,null,1
109.0,9.0,null,3
109.0,10.0,null,2
109.0,11.0,null,1
109.0,12.0,null,1
109.0,13.0,0.6666666666666666,8
109.0,14.0,-0.8333333333333333,9
109.0,15.0,null,2
109.0,16.0,null,4
109.0,17.0,null,2
109.0,18.0,0.6666666666666666,1
109.0,19.0,0.9166666666666666,8
110.0,1.0,null,3
110.0,2.0,-0.2380952380952381,2
110.0,3.0,null,1
110.0,4.0,null,9
110.0,5.0,-1.0,9
110.0,6.0,null,3
110.0,7.0,null,9
110.0,9.0,null,3
110.0,10.0,null,4
110.0,11.0,null,3
110.0,12.0,null,1
110.0,13.0,0.6666666666666666,8
110.0,14.0,-0.8333333333333333,9
110.0,15.0,null,3
110.0,16.0,null,4
110.0,17.0,null,4
110.0,18.0,0.6666666666666666,3
110.0,19.0,0.9166666666666666,8
111.0,1.0,null,6
111.0,2.0,-0.2380952380952381,3
111.0,3.0,null,2
111.0,4.0,null,9
111.0,5.0,-1.0,9
111.0,6.0,null,6
111.0,7.0,null,9
111.0,9.0,null,6
111.0,10.0,null,6
111.0,11.0,null,6
111.0,12.0,null,1
111.0,13.0,0.6666666666666666,8
111.0,14.0,-0.8333333333333333,9
111.0,15.0,null,6
111.0,16.0,null,4
111.0,17.0,null,7
111.0,18.0,0.6666666666666666,6
111.0,19.0,0.9166666666666666,8
112.0,1.0,null,6
112.0,2.0,-0.26666666666666666,3
112.0,3.0,null,2
112.0,4.0,-0.3333333333333333,9
112.0,5.0,-0.6666666666666666,9
112.0,6.0,null,6
112.0,7.0,null,9
112.0,8.0,null,2
112.0,9.0,null,7
112.0,10.0,null,7
112.0,11.0,null,7
112.0,12.0,null,1
112.0,13.0,null,6
112.0,14.0,-1.0,9
112.0,15.0,null,8
112.0,16.0,null,3
112.0,17.0,null,6
112.0,18.0,null,7
112.0,19.0,0.9166666666666666,9
113.0,1.0,null,4
113.0,2.0,-0.6666666666666666,2
113.0,3.0,null,1
113.0,4.0,null,9
113.0,5.0,null,9
113.0,6.0,null,4
113.0,7.0,null,9
113.0,8.0,null,3
113.0,9.0,null,5
113.0,10.0,null,7
113.0,11.0,null,5
113.0,13.0,null,5
113.0,14.0,null,9
113.0,15.0,null,6
113.0,16.0,null,3
113.0,17.0,null,4
113.0,18.0,null,5
113.0,19.0,1.0,7
114.0,1.0,null,3
114.0,2.0,-0.5,1
114.0,3.0,null,1
114.0,4.0,null,8
114.0,5.0,null,8
114.0,6.0,null,3
114.0,7.0,0.3333333333333333,8
114.0,8.0,null,3
114.0,9.0,null,4
114.0,10.0,null,6
114.0,11.0,null,3
114.0,13.0,null,4
114.0,14.0,null,9
114.0,15.0,null,5
114.0,16.0,null,4
114.0,17.0,null,3
114.0,18.0,null,3
114.0,19.0,1.0,4
115.0,1.0,null,3
115.0,4.0,null,6
115.0,5.0,null,6
115.0,6.0,null,3
115.0,7.0,0.3333333333333333,6
115.0,8.0,null,2
115.0,9.0,null,4
115.0,10.0,null,5
115.0,11.0,null,3
115.0,13.0,null,3
115.0,14.0,null,8
115.0,15.0,null,5
115.0,16.0,null,4
115.0,17.0,null,3
115.0,18.0,null,3
115.0,19.0,1.0,2
116.0,1.0,null,3
116.0,4.0,null,3
116.0,5.0,null,5
116.0,6.0,null,3
116.0,7.0,null,3
116.0,8.0,null,1
116.0,9.0,null,3
116.0,10.0,null,3
116.0,11.0,null,3
116.0,13.0,null,1
116.0,14.0,null,5
116.0,15.0,null,3
116.0,16.0,null,3
116.0,17.0,null,3
116.0,18.0,null,3
116.0,19.0,1.0,1
117.0,1.0,null,2
117.0,2.0,-0.5,3
117.0,3.0,null,2
117.0,4.0,null,2
117.0,5.0,null,4
117.0,6.0,null,3
117.0,7.0,null,3
117.0,8.0,null,3
117.0,9.0,null,3
117.0,10.0,null,3
117.0,11.0,null,2
117.0,12.0,null,1
117.0,13.0,null,2
117.0,14.0,null,6
117.0,15.0,null,3
117.0,16.0,null,1
117.0,17.0,null,2
117.0,18.0,null,3
117.0,19.0,1.0,2
118.0,1.0,null,4
118.0,2.0,-0.5,6
118.0,3.0,null,4
118.0,4.0,null,5
118.0,5.0,null,7
118.0,6.0,null,6
118.0,7.0,null,6
118.0,8.0,null,6
118.0,9.0,null,6
118.0,10.0,null,5
118.0,11.0,null,4
118.0,12.0,null,2
118.0,13.0,null,4
118.0,14.0,null,7
118.0,15.0,null,6
118.0,16.0,null,2
118.0,17.0,null,4
118.0,18.0,null,6
118.0,19.0,1.0,4
119.0,1.0,null,6
119.0,2.0,-0.5,8
119.0,3.0,null,6
119.0,4.0,null,8
119.0,5.0,null,8
119.0,6.0,null,8
119.0,7.0,null,8
119.0,8.0,null,8
119.0,9.0,null,8
119.0,10.0,null,7
119.0,11.0,null,6
119.0,12.0,null,4
119.0,13.0,null,6
119.0,14.0,null,8
119.0,15.0,null,8
119.0,16.0,null,4
119.0,17.0,null,6
119.0,18.0,null,8
119.0,19.0,1.0,6
120.0,1.0,null,8
120.0,2.0,-0.6666666666666666,9
120.0,3.0,null,8
120.0,4.0,null,8
120.0,5.0,null,7
120.0,6.0,null,9
120.0,7.0,null,9
120.0,8.0,null,9
120.0,9.0,null,9
120.0,10.0,null,9
120.0,11.0,null,8
120.0,12.0,null,7
120.0,13.0,null,8
120.0,14.0,null,9
120.0,15.0,null,9
120.0,16.0,null,6
120.0,17.0,null,7
120.0,18.0,null,9
120.0,19.0,1.0,8
121.0,1.0,-0.6666666666666666,8
121.0,2.0,null,9
121.0,3.0,null,9
121.0,4.0,-0.3333333333333333,8
121.0,5.0,-0.3333333333333333,7
121.0,6.0,null,9
121.0,7.0,null,9
121.0,8.0,null,9
121.0,9.0,null,9
121.0,10.0,null,9
121.0,11.0,null,8
121.0,12.0,null,8
121.0,13.0,0.6666666666666666,9
121.0,14.0,-1.0,9
121.0,15.0,null,9
121.0,16.0,null,7
121.0,17.0,null,8
121.0,18.0,1.0,9
121.0,19.0,1.0,9
122.0,1.0,-0.6666666666666666,8
122.0,2.0,null,9
122.0,3.0,null,8
122.0,4.0,-0.3333333333333333,9
122.0,5.0,-0.3333333333333333,8
122.0,6.0,null,9
122.0,7.0,null,9
122.0,8.0,null,9
122.0,9.0,null,9
122.0,10.0,null,9
122.0,11.0,null,8
122.0,12.0,null,7
122.0,13.0,0.6666666666666666,9
122.0,14.0,-1.0,9
122.0,15.0,null,9
122.0,16.0,null,7
122.0,17.0,null,8
122.0,18.0,1.0,9
122.0,19.0,1.0,9
123.0,1.0,-0.6666666666666666,8
123.0,2.0,null,9
123.0,3.0,null,8
123.0,4.0,-0.3333333333333333,8
123.0,5.0,-0.3333333333333333,8
123.0,6.0,null,9
123.0,7.0,null,9
123.0,8.0,null,9
123.0,9.0,null,9
123.0,10.0,null,9
123.0,11.0,null,8
123.0,12.0,null,7
123.0,13.0,0.6666666666666666,9
123.0,14.0,-1.0,9
123.0,15.0,null,9
123.0,16.0,null,8
123.0,17.0,null,7
123.0,18.0,1.0,9
123.0,19.0,1.0,9
124.0,1.0,-0.6666666666666666,8
124.0,2.0,null,9
124.0,3.0,null,9
124.0,4.0,-0.3333333333333333,8
124.0,5.0,-0.3333333333333333,7
124.0,6.0,null,9
124.0,7.0,null,9
124.0,8.0,null,9
124.0,9.0,null,9
124.0,10.0,null,9
124.0,11.0,null,7
124.0,12.0,null,8
124.0,13.0,0.6666666666666666,9
124.0,14.0,-1.0,9
124.0,15.0,null,9
124.0,16.0,null,8
124.0,17.0,null,7
124.0,18.0,1.0,9
124.0,19.0,1.0,9
125.0,1.0,-0.6666666666666666,9
125.0,2.0,null,9
125.0,3.0,null,9
125.0,4.0,-0.3333333333333333,8
125.0,5.0,-0.3333333333333333,7
125.0,6.0,null,9
125.0,7.0,null,9
125.0,8.0,null,9
125.0,9.0,null,9
125.0,10.0,null,9
125.0,11.0,null,7
125.0,12.0,null,9
125.0,13.0,0.6666666666666666,9
125.0,14.0,-1.0,8
125.0,15.0,null,9
125.0,16.0,null,6
125.0,17.0,null,7
125.0,18.0,1.0,9
125.0,19.0,1.0,9
126.0,1.0,-0.6666666666666666,9
126.0,2.0,null,9
126.0,3.0,null,8
126.0,4.0,-0.3333333333333333,7
126.0,5.0,-0.3333333333333333,6
126.0,6.0,null,9
126.0,7.0,null,9
126.0,8.0,null,8
126.0,9.0,null,9
126.0,10.0,null,9
126.0,11.0,null,6
126.0,12.0,null,8
126.0,13.0,0.6666666666666666,9
126.0,14.0,-1.0,7
126.0,15.0,null,9
126.0,16.0,null,6
126.0,17.0,null,6
126.0,18.0,1.0,9
126.0,19.0,1.0,9
127.0,1.0,-0.6666666666666666,9
127.0,2.0,null,9
127.0,3.0,null,7
127.0,4.0,-0.3333333333333333,7
127.0,5.0,-0.3333333333333333,4
127.0,6.0,null,9
127.0,7.0,null,8
127.0,8.0,null,6
127.0,9.0,null,9
127.0,10.0,null,9
127.0,11.0,null,4
127.0,12.0,null,8
127.0,13.0,0.6666666666666666,9
127.0,14.0,-1.0,5
127.0,15.0,null,9
127.0,16.0,null,4
127.0,17.0,null,4
127.0,18.0,1.0,9
127.0,19.0,1.0,9
128.0,1.0,null,9
128.0,2.0,null,7
128.0,3.0,null,5
128.0,4.0,-0.16666666666666666,6
128.0,5.0,-0.3333333333333333,2
128.0,6.0,null,9
128.0,7.0,null,6
128.0,8.0,null,3
128.0,9.0,null,8
128.0,10.0,null,9
128.0,11.0,null,2
128.0,12.0,null,8
128.0,13.0,0.6666666666666666,8
128.0,14.0,-1.0,4
128.0,15.0,null,9
128.0,16.0,null,3
128.0,17.0,null,3
128.0,18.0,1.0,9
128.0,19.0,1.0,9
129.0,1.0,-0.6666666666666666,9
129.0,2.0,null,7
129.0,3.0,null,5
129.0,4.0,0.3333333333333333,5
129.0,6.0,null,9
129.0,7.0,0.3333333333333333,5
129.0,9.0,null,8
129.0,10.0,null,9
129.0,11.0,1.0,1
129.0,12.0,-0.3333333333333333,8
129.0,13.0,1.0,7
129.0,14.0,-1.0,5
129.0,15.0,null,9
129.0,16.0,null,1
129.0,17.0,null,2
129.0,18.0,null,9
129.0,19.0,0.8571428571428571,9
130.0,1.0,-0.6666666666666666,9
130.0,2.0,null,5
130.0,3.0,null,3
130.0,4.0,0.3333333333333333,5
130.0,5.0,0.0,1
130.0,6.0,null,8
130.0,7.0,0.3333333333333333,4
130.0,9.0,null,6
130.0,10.0,null,8
130.0,11.0,1.0,2
130.0,12.0,-0.3333333333333333,5
130.0,13.0,1.0,6
130.0,14.0,-1.0,7
130.0,15.0,null,8
130.0,17.0,null,3
130.0,18.0,null,9
130.0,19.0,0.8571428571428571,8
131.0,1.0,-0.8333333333333333,9
131.0,2.0,null,3
131.0,3.0,null,2
131.0,4.0,0.3333333333333333,7
131.0,5.0,0.0,2
131.0,6.0,null,8
131.0,7.0,0.3333333333333333,6
131.0,9.0,null,4
131.0,10.0,null,8
131.0,11.0,1.0,3
131.0,12.0,-0.3333333333333333,3
131.0,13.0,1.0,6
131.0,14.0,-1.0,9
131.0,15.0,null,6
131.0,17.0,null,2
131.0,18.0,null,9
131.0,19.0,0.825,8
132.0,1.0,-0.8333333333333333,9
132.0,2.0,null,2
132.0,3.0,null,1
132.0,4.0,0.3333333333333333,9
132.0,5.0,0.0,2
132.0,6.0,null,9
132.0,7.0,0.3333333333333333,6
132.0,9.0,null,2
132.0,10.0,null,8
132.0,11.0,1.0,3
132.0,12.0,-0.3333333333333333,1
132.0,13.0,1.0,6
132.0,14.0,-1.0,9
132.0,15.0,null,3
132.0,17.0,null,1
132.0,18.0,null,9
132.0,19.0,0.8571428571428571,9
133.0,1.0,-0.8333333333333333,9
133.0,2.0,null,3
133.0,4.0,0.3333333333333333,9
133.0,5.0,0.0,4
133.0,6.0,null,9
133.0,7.0,0.3333333333333333,7
133.0,8.0,null,1
133.0,9.0,null,2
133.0,10.0,null,8
133.0,11.0,1.0,1
133.0,13.0,1.0,4
133.0,14.0,-1.0,9
133.0,15.0,null,2
133.0,17.0,null,1
133.0,18.0,null,8
133.0,19.0,0.8571428571428571,9
134.0,1.0,-0.8333333333333333,9
134.0,2.0,null,4
134.0,4.0,0.3333333333333333,9
134.0,5.0,0.0,5
134.0,6.0,null,9
134.0,7.0,0.3333333333333333,6
134.0,8.0,null,2
134.0,9.0,null,1
134.0,10.0,null,8
134.0,11.0,1.0,2
134.0,13.0,1.0,4
134.0,14.0,-1.0,9
134.0,15.0,null,4
134.0,17.0,null,3
134.0,18.0,null,8
134.0,19.0,0.8571428571428571,9
135.0,1.0,-0.8333333333333333,8
135.0,2.0,null,6
135.0,4.0,0.3333333333333333,9
135.0,5.0,0.0,8
135.0,6.0,null,7
135.0,7.0,0.3333333333333333,7
135.0,8.0,null,3
135.0,9.0,null,1
135.0,10.0,null,5
135.0,11.0,1.0,3
135.0,13.0,1.0,4
135.0,14.0,-1.0,9
135.0,15.0,null,6
135.0,16.0,null,1
135.0,17.0,null,4
135.0,18.0,null,9
135.0,19.0,0.8571428571428571,9
136.0,1.0,-0.8333333333333333,6
136.0,2.0,null,7
136.0,4.0,0.3333333333333333,8
136.0,5.0,0.0,8
136.0,6.0,null,6
136.0,7.0,0.3333333333333333,7
136.0,8.0,null,5
136.0,9.0,null,1
136.0,10.0,null,2
136.0,11.0,1.0,5
136.0,13.0,1.0,4
136.0,14.0,-1.0,6
136.0,15.0,null,7
136.0,16.0,null,3
136.0,17.0,null,5
136.0,18.0,null,8
136.0,19.0,0.8571428571428571,8
137.0,1.0,-0.6666666666666666,3
137.0,2.0,-1.0,5
137.0,4.0,null,8
137.0,5.0,null,8
137.0,6.0,null,7
137.0,7.0,null,5
137.0,8.0,null,7
137.0,11.0,null,6
137.0,13.0,null,2
137.0,14.0,null,3
137.0,15.0,1.0,8
137.0,16.0,null,6
137.0,17.0,null,4
137.0,18.0,1.0,7
137.0,19.0,null,5
138.0,1.0,-0.6666666666666666,2
138.0,2.0,-1.0,4
138.0,4.0,null,7
138.0,5.0,null,6
138.0,6.0,null,6
138.0,7.0,null,3
138.0,8.0,null,6
138.0,11.0,null,7
138.0,13.0,null,2
138.0,14.0,null,1
138.0,15.0,1.0,6
138.0,16.0,null,8
138.0,17.0,null,3
138.0,18.0,1.0,5
138.0,19.0,null,3
139.0,1.0,-0.6666666666666666,1
139.0,2.0,-1.0,3
139.0,4.0,null,5
139.0,5.0,null,3
139.0,6.0,null,3
139.0,7.0,null,1
139.0,8.0,null,3
139.0,11.0,null,7
139.0,13.0,null,1
139.0,15.0,1.0,3
139.0,16.0,null,7
139.0,17.0,null,2
139.0,18.0,1.0,2
139.0,19.0,null,1
140.0,2.0,-1.0,2
140.0,4.0,null,3
140.0,5.0,null,1
140.0,6.0,null,1
140.0,8.0,null,1
140.0,11.0,null,6
140.0,13.0,null,1
140.0,15.0,1.0,1
140.0,16.0,null,6
141.0,2.0,-1.0,1
141.0,4.0,null,2
141.0,5.0,null,2
141.0,6.0,null,1
141.0,7.0,null,1
141.0,8.0,null,1
141.0,11.0,null,6
141.0,13.0,null,1
141.0,15.0,1.0,2
141.0,16.0,null,5
141.0,19.0,null,1
142.0,1.0,-0.6666666666666666,1
142.0,2.0,-1.0,2
142.0,4.0,null,4
142.0,5.0,null,4
142.0,6.0,null,1
142.0,7.0,null,3
142.0,8.0,null,1
142.0,11.0,null,5
142.0,13.0,null,1
142.0,15.0,1.0,4
142.0,16.0,null,3
142.0,17.0,null,1
142.0,19.0,null,2
143.0,1.0,-0.6666666666666666,2
143.0,2.0,-1.0,4
143.0,4.0,null,7
143.0,5.0,null,6
143.0,6.0,null,1
143.0,7.0,null,5
143.0,8.0,null,1
143.0,11.0,null,5
143.0,13.0,null,2
143.0,15.0,1.0,7
143.0,16.0,null,2
143.0,17.0,null,2
143.0,19.0,null,3
144.0,1.0,-0.6666666666666666,4
144.0,2.0,-1.0,5
144.0,4.0,null,9
144.0,5.0,null,8
144.0,6.0,null,1
144.0,7.0,null,6
144.0,11.0,null,5
144.0,13.0,null,3
144.0,15.0,1.0,8
144.0,16.0,null,1
144.0,17.0,null,2
144.0,19.0,null,4
145.0,1.0,-0.7619047619047621,5
145.0,2.0,null,5
145.0,4.0,-0.22222222222222224,8
145.0,5.0,-0.5416666666666666,8
145.0,6.0,null,1
145.0,7.0,0.4666666666666666,6
145.0,9.0,null,1
145.0,10.0,0.16666666666666666,2
145.0,11.0,0.3333333333333333,7
145.0,13.0,0.4166666666666666,4
145.0,14.0,-0.6666666666666666,2
145.0,15.0,0.3333333333333333,7
145.0,17.0,null,2
145.0,18.0,null,2
145.0,19.0,0.7777777777777778,6
146.0,1.0,-0.7222222222222222,6
146.0,2.0,null,4
146.0,4.0,-0.22222222222222224,6
146.0,5.0,-0.5416666666666666,6
146.0,6.0,null,2
146.0,7.0,0.4666666666666666,5
146.0,9.0,null,3
146.0,10.0,0.16666666666666666,4
146.0,11.0,0.3333333333333333,9
146.0,13.0,0.4166666666666666,6
146.0,14.0,-0.6666666666666666,4
146.0,15.0,0.3333333333333333,6
146.0,17.0,null,1
146.0,18.0,null,4
146.0,19.0,0.7777777777777778,7
147.0,1.0,-0.7222222222222222,5
147.0,2.0,null,3
147.0,4.0,-0.22222222222222224,5
147.0,5.0,-0.5416666666666666,5
147.0,6.0,null,2
147.0,7.0,0.4666666666666666,5
147.0,9.0,null,4
147.0,10.0,0.16666666666666666,6
147.0,11.0,0.3333333333333333,9
147.0,13.0,0.4166666666666666,6
147.0,14.0,-0.6666666666666666,6
147.0,15.0,0.3333333333333333,4
147.0,18.0,null,6
147.0,19.0,0.7777777777777778,6
148.0,1.0,-0.5833333333333333,5
148.0,2.0,null,2
148.0,4.0,-0.22222222222222224,3
148.0,5.0,-0.5416666666666666,3
148.0,6.0,null,2
148.0,7.0,0.4666666666666666,3
148.0,9.0,null,5
148.0,10.0,0.16666666666666666,7
148.0,11.0,0.3333333333333333,9
148.0,12.0,0.3333333333333333,1
148.0,13.0,0.4166666666666666,5
148.0,14.0,-0.6666666666666666,7
148.0,15.0,0.3333333333333333,2
148.0,18.0,null,7
148.0,19.0,0.7777777777777778,5
149.0,1.0,-0.5833333333333333,6
149.0,3.0,null,3
149.0,4.0,-0.22222222222222224,3
149.0,5.0,-0.5416666666666666,1
149.0,7.0,0.4444444444444444,3
149.0,8.0,null,2
149.0,9.0,null,5
149.0,10.0,0.16666666666666666,7
149.0,11.0,0.3333333333333333,9
149.0,12.0,0.3333333333333333,4
149.0,13.0,0.4166666666666666,6
149.0,14.0,-0.6666666666666666,7
149.0,15.0,0.3333333333333333,3
149.0,16.0,null,3
149.0,17.0,null,1
149.0,18.0,null,7
149.0,19.0,0.7777777777777778,5
150.0,1.0,-0.3333333333333333,8
150.0,3.0,null,5
150.0,4.0,-0.22222222222222224,5
150.0,5.0,-0.5238095238095237,2
150.0,7.0,0.42857142857142855,6
150.0,8.0,null,5
150.0,9.0,null,5
150.0,10.0,-0.3333333333333333,6
150.0,11.0,0.3333333333333333,8
150.0,12.0,0.3333333333333333,7
150.0,13.0,0.4,8
150.0,14.0,-0.6666666666666666,7
150.0,15.0,0.3333333333333333,5
150.0,16.0,null,6
150.0,17.0,null,3
150.0,18.0,null,5
150.0,19.0,0.7777777777777778,6
151.0,1.0,-0.3333333333333333,9
151.0,3.0,null,7
151.0,4.0,-0.22222222222222224,7
151.0,5.0,-0.5238095238095237,5
151.0,7.0,0.42857142857142855,8
151.0,8.0,null,7
151.0,9.0,null,4
151.0,10.0,-0.3333333333333333,4
151.0,11.0,0.3333333333333333,6
151.0,12.0,0.3333333333333333,9
151.0,13.0,0.4,9
151.0,14.0,-0.6666666666666666,5
151.0,15.0,0.3333333333333333,7
151.0,16.0,null,8
151.0,17.0,null,3
151.0,18.0,null,3
151.0,19.0,0.7777777777777778,8
152.0,1.0,-0.3333333333333333,9
152.0,2.0,null,1
152.0,3.0,null,9
152.0,4.0,-0.22222222222222224,9
152.0,5.0,-0.5416666666666666,8
152.0,6.0,null,1
152.0,7.0,0.42857142857142855,9
152.0,8.0,null,8
152.0,9.0,null,3
152.0,10.0,-0.3333333333333333,3
152.0,11.0,0.3333333333333333,4
152.0,12.0,0.3333333333333333,9
152.0,13.0,0.4,9
152.0,14.0,-0.6666666666666666,4
152.0,15.0,0.3333333333333333,9
152.0,16.0,null,9
152.0,17.0,null,3
152.0,18.0,null,2
152.0,19.0,0.7777777777777778,8
153.0,1.0,null,9
153.0,2.0,null,3
153.0,3.0,null,9
153.0,4.0,null,9
153.0,5.0,null,9
153.0,6.0,null,3
153.0,7.0,0.6666666666666666,9
153.0,8.0,null,8
153.0,9.0,null,3
153.0,10.0,null,3
153.0,11.0,null,3
153.0,12.0,-0.8333333333333333,9
153.0,13.0,null,9
153.0,14.0,null,4
153.0,15.0,null,9
153.0,16.0,null,9
153.0,17.0,null,1
153.0,18.0,null,3
153.0,19.0,1.0,8
154.0,1.0,null,9
154.0,2.0,null,5
154.0,3.0,null,9
154.0,4.0,null,9
154.0,5.0,null,9
154.0,6.0,null,4
154.0,7.0,0.6666666666666666,9
154.0,8.0,null,8
154.0,9.0,null,5
154.0,10.0,null,6
154.0,11.0,null,5
154.0,12.0,-0.8333333333333333,9
154.0,13.0,null,9
154.0,14.0,null,6
154.0,15.0,null,9
154.0,16.0,null,9
154.0,17.0,null,1
154.0,18.0,null,5
154.0,19.0,1.0,9
155.0,1.0,null,9
155.0,2.0,null,6
155.0,3.0,null,9
155.0,4.0,null,9
155.0,5.0,null,9
155.0,6.0,null,4
155.0,7.0,0.6666666666666666,9
155.0,8.0,null,9
155.0,9.0,null,7
155.0,10.0,null,8
155.0,11.0,null,5
155.0,12.0,-0.8333333333333333,9
155.0,13.0,null,8
155.0,14.0,null,8
155.0,15.0,null,9
155.0,16.0,null,9
155.0,17.0,null,2
155.0,18.0,null,5
155.0,19.0,1.0,9
156.0,1.0,null,9
156.0,2.0,null,3
156.0,3.0,null,8
156.0,4.0,null,9
156.0,5.0,null,8
156.0,6.0,null,2
156.0,7.0,0.6666666666666666,8
156.0,8.0,null,7
156.0,9.0,null,5
156.0,10.0,null,5
156.0,11.0,null,2
156.0,12.0,-0.8333333333333333,9
156.0,13.0,null,6
156.0,14.0,null,7
156.0,15.0,null,9
156.0,16.0,null,7
156.0,17.0,null,3
156.0,18.0,null,2
156.0,19.0,1.0,8
157.0,1.0,null,9
157.0,2.0,null,3
157.0,3.0,null,7
157.0,4.0,null,9
157.0,5.0,null,8
157.0,7.0,0.6666666666666666,8
157.0,8.0,null,5
157.0,9.0,null,3
157.0,10.0,null,5
157.0,12.0,-0.8333333333333333,9
157.0,13.0,null,5
157.0,14.0,null,7
157.0,15.0,null,9
157.0,16.0,null,5
157.0,17.0,null,3
157.0,19.0,1.0,8
158.0,1.0,null,7
158.0,2.0,null,4
158.0,3.0,null,6
158.0,4.0,null,9
158.0,5.0,null,9
158.0,7.0,0.6666666666666666,9
158.0,8.0,null,3
158.0,9.0,null,1
158.0,10.0,null,3
158.0,12.0,-0.8333333333333333,8
158.0,13.0,null,5
158.0,14.0,null,6
158.0,15.0,null,8
158.0,16.0,null,3
158.0,17.0,null,2
158.0,19.0,1.0,8
159.0,1.0,null,5
159.0,2.0,null,3
159.0,3.0,null,4
159.0,4.0,null,8
159.0,5.0,null,8
159.0,7.0,0.6666666666666666,7
159.0,8.0,null,3
159.0,10.0,null,2
159.0,12.0,-0.8333333333333333,6
159.0,13.0,null,4
159.0,14.0,null,4
159.0,15.0,null,6
159.0,16.0,null,3
159.0,17.0,null,1
159.0,19.0,1.0,6
160.0,1.0,null,3
160.0,2.0,null,2
160.0,3.0,null,2
160.0,4.0,null,7
160.0,5.0,null,6
160.0,7.0,0.6666666666666666,4
160.0,8.0,null,3
160.0,10.0,null,1
160.0,12.0,-0.8333333333333333,3
160.0,13.0,null,2
160.0,14.0,null,2
160.0,15.0,null,3
160.0,16.0,null,4
160.0,19.0,1.0,3
161.0,4.0,0.0,6
161.0,5.0,-0.3333333333333333,4
161.0,6.0,null,2
161.0,7.0,0.6666666666666666,1
161.0,8.0,null,3
161.0,9.0,null,1
161.0,15.0,null,2
161.0,16.0,null,5
162.0,4.0,0.0,7
162.0,5.0,-0.3333333333333333,4
162.0,6.0,null,3
162.0,8.0,null,3
162.0,9.0,null,1
162.0,15.0,null,5
162.0,16.0,null,5
162.0,17.0,null,1
163.0,4.0,0.0,6
163.0,5.0,-0.3333333333333333,4
163.0,6.0,null,3
163.0,8.0,null,2
163.0,9.0,null,1
163.0,15.0,null,5
163.0,16.0,null,3
163.0,17.0,null,1
163.0,19.0,null,1
164.0,4.0,0.0,6
164.0,5.0,-0.3333333333333333,3
164.0,6.0,null,2
164.0,8.0,null,1
164.0,9.0,null,1
164.0,15.0,null,3
164.0,16.0,null,1
164.0,17.0,null,1
164.0,19.0,null,1
165.0,1.0,0.3333333333333333,1
165.0,2.0,-0.6666666666666666,1
165.0,3.0,null,1
165.0,4.0,0.0,5
165.0,5.0,-0.5,3
165.0,6.0,null,2
165.0,7.0,0.6666666666666666,1
165.0,9.0,null,1
165.0,10.0,0.3333333333333333,1
165.0,11.0,0.5,1
165.0,12.0,0.3333333333333333,1
165.0,13.0,0.3333333333333333,1
165.0,14.0,-0.3333333333333333,1
165.0,15.0,null,2
165.0,16.0,null,1
165.0,17.0,null,2
165.0,18.0,null,1
165.0,19.0,null,2
166.0,1.0,0.3333333333333333,3
166.0,2.0,-0.6666666666666666,3
166.0,3.0,null,2
166.0,4.0,0.0,6
166.0,5.0,-0.5,4
166.0,6.0,null,3
166.0,7.0,0.5833333333333333,3
166.0,8.0,null,1
166.0,9.0,null,3
166.0,10.0,null,3
166.0,11.0,0.3333333333333333,3
166.0,12.0,0.3333333333333333,3
166.0,13.0,0.6666666666666666,3
166.0,14.0,-0.3333333333333333,3
166.0,15.0,null,3
166.0,16.0,null,3
166.0,17.0,null,3
166.0,18.0,null,3
166.0,19.0,null,4
167.0,1.0,0.16666666666666666,6
167.0,2.0,-0.6666666666666666,6
167.0,3.0,null,2
167.0,4.0,0.0,7
167.0,5.0,-0.5,6
167.0,6.0,null,6
167.0,7.0,0.5833333333333333,6
167.0,8.0,null,1
167.0,9.0,null,3
167.0,10.0,null,5
167.0,11.0,0.3333333333333333,6
167.0,12.0,0.3333333333333333,6
167.0,13.0,0.6666666666666666,6
167.0,14.0,-0.3333333333333333,3
167.0,15.0,null,6
167.0,16.0,null,6
167.0,17.0,null,6
167.0,18.0,null,6
167.0,19.0,null,6
168.0,1.0,0.16666666666666666,6
168.0,2.0,-0.6666666666666666,6
168.0,3.0,null,2
168.0,4.0,0.0,6
168.0,5.0,-0.5,6
168.0,6.0,null,6
168.0,7.0,0.5833333333333333,6
168.0,8.0,null,2
168.0,9.0,null,3
168.0,10.0,null,5
168.0,11.0,0.3333333333333333,6
168.0,12.0,0.3333333333333333,6
168.0,13.0,0.3333333333333333,6
168.0,14.0,-0.3333333333333333,3
168.0,15.0,null,6
168.0,16.0,null,7
168.0,17.0,null,6
168.0,18.0,null,7
168.0,19.0,null,6
169.0,1.0,-0.08333333333333336,3
169.0,2.0,-0.6666666666666666,3
169.0,4.0,0.0,4
169.0,5.0,-0.5555555555555556,4
169.0,6.0,null,3
169.0,7.0,0.6666666666666666,3
169.0,8.0,null,2
169.0,9.0,null,1
169.0,10.0,-0.3333333333333333,3
169.0,11.0,0.5,3
169.0,12.0,0.3333333333333333,3
169.0,13.0,0.3333333333333333,3
169.0,14.0,null,1
169.0,15.0,null,4
169.0,16.0,null,4
169.0,17.0,null,3
169.0,18.0,null,5
169.0,19.0,null,3
170.0,1.0,-0.11111111111111116,1
170.0,2.0,-0.6666666666666666,1
170.0,4.0,0.0,4
170.0,5.0,-0.5555555555555556,4
170.0,6.0,null,1
170.0,7.0,0.6666666666666666,1
170.0,8.0,null,1
170.0,10.0,-0.3333333333333333,1
170.0,11.0,0.5,1
170.0,12.0,0.3333333333333333,1
170.0,13.0,0.3333333333333333,1
170.0,15.0,null,3
170.0,16.0,null,2
170.0,17.0,null,1
170.0,18.0,null,4
170.0,19.0,null,1
171.0,4.0,0.0,5
171.0,5.0,-0.5555555555555556,5
171.0,8.0,null,1
171.0,15.0,null,2
171.0,16.0,null,1
171.0,18.0,null,3
172.0,4.0,0.0,7
172.0,5.0,-0.5555555555555556,7
172.0,15.0,null,2
172.0,18.0,null,2
173.0,4.0,0.0,8
173.0,5.0,-0.5555555555555556,7
173.0,8.0,null,1
173.0,15.0,null,1
173.0,16.0,null,1
174.0,4.0,0.0,6
174.0,5.0,-0.4166666666666667,5
174.0,8.0,null,1
174.0,16.0,null,1
174.0,19.0,null,1
175.0,4.0,0.0,4
175.0,5.0,-0.4166666666666667,3
175.0,8.0,null,1
175.0,16.0,null,1
175.0,19.0,null,2
176.0,4.0,0.0,4
176.0,5.0,-0.5555555555555556,3
176.0,8.0,null,1
176.0,15.0,null,1
176.0,16.0,null,1
176.0,19.0,null,4
177.0,1.0,null,1
177.0,2.0,null,1
177.0,4.0,0.0,4
177.0,5.0,-0.16666666666666666,3
177.0,6.0,null,1
177.0,7.0,0.5333333333333333,4
177.0,8.0,0.3333333333333333,1
177.0,9.0,null,1
177.0,10.0,null,1
177.0,11.0,null,1
177.0,12.0,-0.3333333333333333,1
177.0,13.0,0.5555555555555555,1
177.0,14.0,null,1
177.0,15.0,0.4444444444444444,2
177.0,16.0,null,1
177.0,17.0,null,1
177.0,18.0,null,1
177.0,19.0,0.9166666666666666,5
178.0,1.0,null,2
178.0,2.0,null,2
178.0,4.0,0.0,5
178.0,5.0,-0.16666666666666666,4
178.0,6.0,null,2
178.0,7.0,0.5333333333333333,5
178.0,8.0,0.3333333333333333,2
178.0,9.0,null,2
178.0,10.0,null,2
178.0,11.0,null,2
178.0,12.0,-0.3333333333333333,2
178.0,13.0,0.5555555555555555,2
178.0,14.0,null,2
178.0,15.0,0.4444444444444444,3
178.0,16.0,null,2
178.0,17.0,null,2
178.0,18.0,null,2
178.0,19.0,0.9166666666666666,5
179.0,1.0,null,3
179.0,2.0,null,3
179.0,4.0,0.0,4
179.0,5.0,-0.16666666666666666,4
179.0,6.0,null,3
179.0,7.0,0.5333333333333333,4
179.0,8.0,0.3333333333333333,3
179.0,9.0,null,3
179.0,10.0,null,3
179.0,11.0,null,3
179.0,12.0,-0.3333333333333333,3
179.0,13.0,0.5555555555555555,3
179.0,14.0,null,3
179.0,15.0,0.4444444444444444,4
179.0,16.0,null,3
179.0,17.0,null,3
179.0,18.0,null,3
179.0,19.0,0.9166666666666666,4
180.0,1.0,null,3
180.0,2.0,null,3
180.0,4.0,0.0,3
180.0,5.0,-0.16666666666666666,3
180.0,6.0,null,3
180.0,7.0,0.5333333333333333,3
180.0,8.0,0.3333333333333333,3
180.0,9.0,null,3
180.0,10.0,null,3
180.0,11.0,null,4
180.0,12.0,-0.3333333333333333,3
180.0,13.0,0.5555555555555555,3
180.0,14.0,null,3
180.0,15.0,0.4444444444444444,3
180.0,16.0,null,3
180.0,17.0,null,3
180.0,18.0,null,3
180.0,19.0,0.9166666666666666,3
181.0,2.0,null,1
181.0,3.0,null,1
181.0,5.0,-0.16666666666666666,1
181.0,6.0,null,1
181.0,8.0,0.3333333333333333,1
181.0,11.0,null,3
181.0,14.0,null,1
181.0,17.0,null,1
182.0,2.0,null,3
182.0,3.0,null,3
182.0,5.0,-0.16666666666666666,3
182.0,6.0,null,3
182.0,8.0,0.3333333333333333,3
182.0,9.0,null,1
182.0,10.0,null,1
182.0,11.0,null,5
182.0,12.0,-0.3333333333333333,1
182.0,14.0,null,3
182.0,15.0,0.4444444444444444,1
182.0,16.0,null,2
182.0,17.0,null,3
182.0,19.0,0.9166666666666666,1
183.0,2.0,null,5
183.0,3.0,null,6
183.0,5.0,-0.16666666666666666,3
183.0,6.0,null,6
183.0,8.0,0.3333333333333333,6
183.0,9.0,null,3
183.0,10.0,null,3
183.0,11.0,null,8
183.0,12.0,-0.3333333333333333,3
183.0,14.0,null,5
183.0,15.0,0.4444444444444444,4
183.0,16.0,null,5
183.0,17.0,null,5
183.0,19.0,0.9166666666666666,3
184.0,2.0,null,6
184.0,3.0,null,9
184.0,5.0,-0.16666666666666666,3
184.0,6.0,null,9
184.0,8.0,0.3333333333333333,6
184.0,9.0,null,5
184.0,10.0,null,6
184.0,11.0,null,7
184.0,12.0,-0.3333333333333333,3
184.0,13.0,0.5555555555555555,2
184.0,14.0,null,5
184.0,15.0,0.4444444444444444,6
184.0,16.0,null,5
184.0,17.0,null,7
184.0,19.0,0.9166666666666666,3
185.0,2.0,null,4
185.0,3.0,null,6
185.0,5.0,null,1
185.0,6.0,null,6
185.0,8.0,null,4
185.0,9.0,null,5
185.0,10.0,null,6
185.0,11.0,null,5
185.0,12.0,null,3
185.0,13.0,0.3333333333333333,2
185.0,14.0,-0.3333333333333333,3
185.0,15.0,null,5
185.0,16.0,null,3
185.0,17.0,null,5
185.0,19.0,1.0,3
186.0,2.0,null,2
186.0,3.0,null,3
186.0,6.0,null,3
186.0,8.0,null,2
186.0,9.0,null,3
186.0,10.0,null,3
186.0,11.0,null,3
186.0,12.0,null,1
186.0,13.0,0.3333333333333333,2
186.0,14.0,-0.3333333333333333,1
186.0,15.0,null,3
186.0,16.0,null,1
186.0,17.0,null,3
186.0,19.0,1.0,1
187.0,2.0,null,1
187.0,3.0,null,1
187.0,6.0,null,1
187.0,8.0,null,1
187.0,9.0,null,1
187.0,10.0,null,1
187.0,11.0,null,2
187.0,13.0,0.3333333333333333,1
187.0,15.0,null,1
187.0,17.0,null,1
188.0,8.0,null,1
188.0,11.0,null,1
189.0,14.0,-0.3333333333333333,2
190.0,4.0,null,1
190.0,5.0,null,1
190.0,7.0,null,1
190.0,13.0,0.3333333333333333,1
190.0,14.0,-0.3333333333333333,2
190.0,19.0,1.0,1
191.0,4.0,null,2
191.0,5.0,null,3
191.0,7.0,null,3
191.0,13.0,0.3333333333333333,1
191.0,14.0,-0.3333333333333333,2
191.0,19.0,1.0,2
192.0,4.0,null,3
192.0,5.0,null,6
192.0,7.0,null,4
192.0,13.0,0.3333333333333333,2
192.0,14.0,-0.3333333333333333,1
192.0,18.0,0.3333333333333333,1
192.0,19.0,1.0,3
193.0,1.0,0.3333333333333333,1
193.0,4.0,null,4
193.0,5.0,null,7
193.0,7.0,0.0,4
193.0,8.0,null,2
193.0,9.0,null,1
193.0,10.0,null,1
193.0,12.0,null,1
193.0,13.0,null,3
193.0,14.0,null,1
193.0,16.0,null,1
193.0,17.0,null,1
193.0,18.0,null,2
193.0,19.0,null,4
194.0,1.0,0.3333333333333333,2
194.0,4.0,null,6
194.0,5.0,null,7
194.0,6.0,null,1
194.0,7.0,0.0,3
194.0,8.0,null,4
194.0,9.0,null,2
194.0,10.0,null,3
194.0,12.0,null,3
194.0,13.0,null,3
194.0,14.0,null,3
194.0,16.0,null,3
194.0,17.0,null,2
194.0,18.0,null,3
194.0,19.0,null,5
195.0,1.0,0.3333333333333333,4
195.0,3.0,null,1
195.0,4.0,null,8
195.0,5.0,null,8
195.0,6.0,null,3
195.0,7.0,0.0,5
195.0,8.0,null,6
195.0,9.0,null,3
195.0,10.0,null,6
195.0,11.0,null,1
195.0,12.0,null,5
195.0,13.0,null,6
195.0,14.0,null,6
195.0,15.0,null,1
195.0,16.0,null,5
195.0,17.0,null,3
195.0,18.0,null,6
195.0,19.0,null,7
196.0,1.0,0.3333333333333333,7
196.0,2.0,null,1
196.0,3.0,null,3
196.0,4.0,null,9
196.0,5.0,null,9
196.0,6.0,null,6
196.0,7.0,0.0,7
196.0,8.0,null,8
196.0,9.0,null,5
196.0,10.0,null,9
196.0,11.0,null,4
196.0,12.0,null,8
196.0,13.0,null,8
196.0,14.0,null,9
196.0,15.0,null,4
196.0,16.0,null,8
196.0,17.0,null,3
196.0,18.0,null,8
196.0,19.0,null,9
197.0,1.0,0.3333333333333333,8
197.0,2.0,null,4
197.0,3.0,null,6
197.0,4.0,null,9
197.0,5.0,null,9
197.0,6.0,null,9
197.0,7.0,0.0,9
197.0,8.0,null,8
197.0,9.0,null,6
197.0,10.0,null,9
197.0,11.0,null,7
197.0,12.0,null,8
197.0,13.0,null,9
197.0,14.0,null,9
197.0,15.0,null,7
197.0,16.0,null,8
197.0,17.0,null,2
197.0,18.0,null,9
197.0,19.0,null,9
198.0,1.0,0.3333333333333333,7
198.0,2.0,null,5
198.0,3.0,null,7
198.0,4.0,null,9
198.0,5.0,null,9
198.0,6.0,null,8
198.0,7.0,0.0,8
198.0,8.0,null,7
198.0,9.0,null,7
198.0,10.0,null,9
198.0,11.0,null,8
198.0,12.0,null,7
198.0,13.0,null,8
198.0,14.0,null,9
198.0,15.0,null,7
198.0,16.0,null,7
198.0,17.0,null,1
198.0,18.0,null,9
198.0,19.0,null,8
199.0,1.0,0.3333333333333333,7
199.0,2.0,null,7
199.0,3.0,null,8
199.0,4.0,null,9
199.0,5.0,null,9
199.0,6.0,null,7
199.0,7.0,0.0,8
199.0,8.0,null,8
199.0,9.0,null,8
199.0,10.0,null,9
199.0,11.0,null,9
199.0,12.0,null,7
199.0,13.0,null,7
199.0,14.0,null,9
199.0,15.0,null,8
199.0,16.0,null,8
199.0,18.0,null,9
199.0,19.0,null,7
200.0,1.0,0.3333333333333333,6
200.0,2.0,null,5
200.0,3.0,null,6
200.0,4.0,null,9
200.0,5.0,null,9
200.0,6.0,null,4
200.0,7.0,0.0,5
200.0,8.0,null,6
200.0,9.0,null,8
200.0,10.0,null,8
200.0,11.0,null,7
200.0,12.0,null,4
200.0,13.0,null,4
200.0,14.0,null,8
200.0,15.0,null,5
200.0,16.0,null,6
200.0,18.0,null,6
200.0,19.0,null,4
201.0,1.0,null,6
201.0,2.0,-1.0,2
201.0,3.0,null,4
201.0,4.0,-0.3333333333333333,9
201.0,5.0,null,9
201.0,6.0,null,1
201.0,7.0,0.3333333333333333,5
201.0,8.0,null,4
201.0,9.0,null,8
201.0,10.0,null,8
201.0,11.0,null,6
201.0,12.0,null,1
201.0,13.0,null,3
201.0,14.0,null,8
201.0,15.0,null,5
201.0,16.0,null,4
201.0,18.0,null,5
201.0,19.0,null,3
202.0,1.0,null,5
202.0,2.0,-1.0,1
202.0,3.0,null,3
202.0,4.0,-0.3333333333333333,9
202.0,5.0,-0.6666666666666666,8
202.0,6.0,null,2
202.0,7.0,0.3333333333333333,7
202.0,8.0,null,4
202.0,9.0,null,6
202.0,10.0,null,7
202.0,11.0,null,4
202.0,12.0,null,1
202.0,13.0,null,4
202.0,14.0,null,7
202.0,15.0,null,7
202.0,16.0,null,2
202.0,18.0,null,5
202.0,19.0,null,5
203.0,1.0,null,5
203.0,2.0,-1.0,1
203.0,3.0,null,3
203.0,4.0,-0.3333333333333333,9
203.0,5.0,-0.6666666666666666,6
203.0,6.0,null,2
203.0,7.0,0.3333333333333333,8
203.0,8.0,null,5
203.0,9.0,null,3
203.0,10.0,null,5
203.0,11.0,null,3
203.0,13.0,null,4
203.0,14.0,null,6
203.0,15.0,null,7
203.0,16.0,null,1
203.0,18.0,null,6
203.0,19.0,null,6
204.0,1.0,null,3
204.0,2.0,-1.0,1
204.0,3.0,null,2
204.0,4.0,-0.3333333333333333,6
204.0,5.0,-0.6666666666666666,3
204.0,6.0,null,2
204.0,7.0,0.3333333333333333,6
204.0,8.0,null,4
204.0,9.0,null,1
204.0,10.0,null,3
204.0,11.0,null,1
204.0,13.0,null,3
204.0,14.0,null,4
204.0,15.0,null,5
204.0,16.0,null,1
204.0,18.0,null,6
204.0,19.0,null,5
205.0,1.0,null,3
205.0,2.0,-1.0,1
205.0,3.0,null,2
205.0,4.0,-0.3333333333333333,3
205.0,6.0,null,2
205.0,7.0,0.3333333333333333,4
205.0,8.0,null,4
205.0,10.0,null,2
205.0,13.0,null,3
205.0,14.0,null,3
205.0,15.0,null,4
205.0,16.0,null,1
205.0,18.0,null,5
205.0,19.0,null,4
206.0,1.0,null,3
206.0,2.0,-1.0,1
206.0,3.0,null,1
206.0,4.0,-0.3333333333333333,1
206.0,6.0,null,1
206.0,7.0,0.3333333333333333,3
206.0,8.0,null,3
206.0,10.0,null,1
206.0,13.0,null,3
206.0,14.0,null,2
206.0,15.0,null,4
206.0,16.0,null,2
206.0,18.0,null,5
206.0,19.0,null,3
207.0,1.0,null,3
207.0,7.0,0.3333333333333333,4
207.0,8.0,null,3
207.0,13.0,null,4
207.0,14.0,null,2
207.0,15.0,null,5
207.0,16.0,null,3
207.0,18.0,null,6
207.0,19.0,null,4
208.0,1.0,null,4
208.0,2.0,-1.0,1
208.0,3.0,null,1
208.0,4.0,null,1
208.0,5.0,-0.6666666666666666,1
208.0,6.0,null,1
208.0,7.0,0.3333333333333333,5
208.0,8.0,null,4
208.0,11.0,null,1
208.0,13.0,null,6
208.0,14.0,null,3
208.0,15.0,null,7
208.0,16.0,null,4
208.0,18.0,null,7
208.0,19.0,null,5
209.0,1.0,-0.6666666666666666,4
209.0,2.0,null,3
209.0,3.0,0.3333333333333333,3
209.0,4.0,0.3333333333333333,3
209.0,5.0,0.3333333333333333,3
209.0,6.0,null,3
209.0,7.0,0.4444444444444444,6
209.0,8.0,null,5
209.0,11.0,0.3333333333333333,3
209.0,13.0,0.6666666666666666,7
209.0,14.0,null,5
209.0,15.0,null,7
209.0,16.0,0.6666666666666666,5
209.0,18.0,null,7
209.0,19.0,1.0,6
210.0,1.0,-0.6666666666666666,5
210.0,2.0,null,5
210.0,3.0,0.3333333333333333,5
210.0,4.0,0.3333333333333333,6
210.0,5.0,0.3333333333333333,6
210.0,6.0,null,5
210.0,7.0,0.4444444444444444,7
210.0,8.0,null,6
210.0,11.0,0.3333333333333333,5
210.0,13.0,0.6666666666666666,7
210.0,14.0,null,5
210.0,15.0,null,7
210.0,16.0,0.6666666666666666,6
210.0,18.0,null,7
210.0,19.0,1.0,7
211.0,1.0,-0.6666666666666666,4
211.0,2.0,null,5
211.0,3.0,0.3333333333333333,6
211.0,4.0,0.3333333333333333,7
211.0,5.0,0.3333333333333333,9
211.0,6.0,null,6
211.0,7.0,0.4444444444444444,8
211.0,8.0,null,6
211.0,10.0,null,1
211.0,11.0,0.3333333333333333,5
211.0,13.0,0.6666666666666666,6
211.0,14.0,null,5
211.0,15.0,null,6
211.0,16.0,0.6666666666666666,5
211.0,18.0,null,6
211.0,19.0,1.0,7
212.0,1.0,-0.6666666666666666,2
212.0,2.0,null,2
212.0,3.0,0.3333333333333333,3
212.0,4.0,0.3333333333333333,4
212.0,5.0,0.3333333333333333,7
212.0,6.0,null,3
212.0,7.0,0.4444444444444444,5
212.0,8.0,null,3
212.0,10.0,null,1
212.0,11.0,0.3333333333333333,2
212.0,13.0,0.6666666666666666,3
212.0,14.0,null,3
212.0,15.0,null,3
212.0,16.0,0.6666666666666666,2
212.0,18.0,null,3
212.0,19.0,1.0,4
213.0,1.0,-0.6666666666666666,1
213.0,4.0,0.3333333333333333,4
213.0,5.0,0.3333333333333333,6
213.0,7.0,0.4444444444444444,4
213.0,18.0,null,2
213.0,19.0,1.0,3
214.0,1.0,-0.6666666666666666,2
214.0,2.0,null,1
214.0,4.0,0.0,6
214.0,5.0,0.0,7
214.0,7.0,0.4444444444444444,6
214.0,11.0,0.3333333333333333,1
214.0,13.0,0.6666666666666666,1
214.0,16.0,null,1
214.0,18.0,null,5
214.0,19.0,null,3
215.0,1.0,-0.6666666666666666,2
215.0,2.0,null,1
215.0,4.0,0.0,5
215.0,5.0,0.0,6
215.0,7.0,0.4166666666666666,5
215.0,11.0,0.5,1
215.0,13.0,0.6666666666666666,1
215.0,16.0,null,1
215.0,18.0,null,5
215.0,19.0,null,2
216.0,1.0,-0.6666666666666666,2
216.0,2.0,null,1
216.0,4.0,0.0,3
216.0,5.0,0.0,3
216.0,7.0,0.4166666666666666,3
216.0,11.0,0.5,1
216.0,13.0,0.6666666666666666,1
216.0,16.0,null,1
216.0,18.0,null,3
216.0,19.0,null,2
217.0,1.0,-0.3333333333333333,1
217.0,2.0,null,1
217.0,4.0,0.0,1
217.0,5.0,-0.3333333333333333,1
217.0,7.0,0.6666666666666666,1
217.0,11.0,0.5,1
217.0,13.0,0.6666666666666666,1
217.0,16.0,null,1
217.0,18.0,null,1
217.0,19.0,null,1
227.0,2.0,null,1
227.0,3.0,null,1
227.0,4.0,null,1
227.0,5.0,null,1
227.0,9.0,-0.3333333333333333,1
227.0,18.0,0.8333333333333334,1
228.0,2.0,null,2
228.0,3.0,null,3
228.0,4.0,null,3
228.0,5.0,null,3
228.0,8.0,null,1
228.0,9.0,-0.3333333333333333,3
228.0,11.0,null,1
228.0,17.0,null,1
228.0,18.0,0.8333333333333334,3
229.0,2.0,null,3
229.0,3.0,null,6
229.0,4.0,null,6
229.0,5.0,null,5
229.0,8.0,null,3
229.0,9.0,-0.3333333333333333,5
229.0,11.0,null,2
229.0,12.0,null,2
229.0,15.0,1.0,2
229.0,17.0,null,2
229.0,18.0,0.8333333333333334,5
230.0,2.0,null,4
230.0,3.0,null,6
230.0,4.0,null,8
230.0,5.0,null,8
230.0,7.0,null,1
230.0,8.0,null,4
230.0,9.0,-0.3333333333333333,5
230.0,11.0,null,2
230.0,12.0,null,2
230.0,15.0,1.0,4
230.0,17.0,null,3
230.0,18.0,0.8333333333333334,5
231.0,1.0,null,1
231.0,2.0,null,4
231.0,3.0,null,4
231.0,4.0,null,7
231.0,5.0,null,8
231.0,7.0,null,2
231.0,8.0,null,5
231.0,9.0,-0.3333333333333333,4
231.0,11.0,null,3
231.0,12.0,null,3
231.0,13.0,null,1
231.0,14.0,-1.0,1
231.0,15.0,1.0,6
231.0,16.0,null,1
231.0,17.0,null,4
231.0,18.0,0.8333333333333334,3
232.0,1.0,null,3
232.0,2.0,null,5
232.0,3.0,null,4
232.0,4.0,null,7
232.0,5.0,null,7
232.0,7.0,null,4
232.0,8.0,null,5
232.0,9.0,-0.3333333333333333,4
232.0,11.0,null,4
232.0,12.0,0.3333333333333333,3
232.0,13.0,null,3
232.0,14.0,-1.0,3
232.0,15.0,1.0,7
232.0,16.0,null,3
232.0,17.0,null,5
232.0,18.0,0.8333333333333334,1
233.0,1.0,-0.33333333333333337,6
233.0,2.0,null,7
233.0,3.0,null,6
233.0,4.0,-0.3333333333333333,8
233.0,5.0,-1.0,8
233.0,7.0,0.3333333333333333,6
233.0,8.0,null,7
233.0,9.0,null,6
233.0,11.0,0.3333333333333333,6
233.0,12.0,null,3
233.0,13.0,null,6
233.0,14.0,-0.3333333333333333,6
233.0,15.0,null,6
233.0,16.0,null,6
233.0,17.0,null,7
233.0,19.0,null,1
234.0,1.0,-0.33333333333333337,6
234.0,2.0,null,6
234.0,3.0,null,6
234.0,4.0,-0.3333333333333333,6
234.0,5.0,-1.0,7
234.0,7.0,0.3333333333333333,5
234.0,8.0,null,6
234.0,9.0,null,6
234.0,10.0,-0.3333333333333333,1
234.0,11.0,0.3333333333333333,6
234.0,12.0,null,4
234.0,13.0,null,6
234.0,14.0,-0.3333333333333333,6
234.0,15.0,null,5
234.0,16.0,null,6
234.0,17.0,null,6
234.0,19.0,null,2
235.0,1.0,-0.33333333333333337,3
235.0,2.0,null,3
235.0,3.0,null,3
235.0,4.0,-0.3333333333333333,3
235.0,5.0,-1.0,4
235.0,7.0,0.3333333333333333,3
235.0,8.0,null,3
235.0,9.0,null,3
235.0,10.0,-0.3333333333333333,1
235.0,11.0,0.3333333333333333,3
235.0,12.0,null,4
235.0,13.0,0.3333333333333333,3
235.0,14.0,-0.3333333333333333,3
235.0,15.0,null,2
235.0,16.0,null,3
235.0,17.0,null,3
235.0,19.0,null,3
236.0,1.0,-0.33333333333333337,1
236.0,2.0,null,1
236.0,3.0,null,1
236.0,4.0,-0.3333333333333333,1
236.0,5.0,-1.0,2
236.0,7.0,0.3333333333333333,1
236.0,8.0,null,1
236.0,9.0,null,1
236.0,10.0,-0.3333333333333333,2
236.0,11.0,0.3333333333333333,1
236.0,12.0,null,3
236.0,13.0,0.3333333333333333,1
236.0,14.0,-0.3333333333333333,1
236.0,15.0,null,1
236.0,16.0,null,1
236.0,17.0,null,1
236.0,19.0,null,4
237.0,4.0,-0.16666666666666666,1
237.0,5.0,-0.5,4
237.0,10.0,0.0,2
237.0,11.0,0.3333333333333333,1
237.0,12.0,null,4
237.0,14.0,-0.3333333333333333,1
237.0,16.0,null,1
237.0,19.0,null,3
238.0,4.0,-0.16666666666666666,2
238.0,5.0,-0.5,6
238.0,10.0,0.0,1
238.0,11.0,0.3333333333333333,1
238.0,12.0,null,5
238.0,14.0,-0.3333333333333333,3
238.0,16.0,null,2
238.0,19.0,null,2
239.0,4.0,-0.16666666666666666,3
239.0,5.0,-0.5,8
239.0,6.0,null,1
239.0,9.0,null,1
239.0,10.0,0.0,1
239.0,11.0,0.3333333333333333,1
239.0,12.0,null,6
239.0,14.0,-0.3333333333333333,4
239.0,15.0,null,1
239.0,16.0,null,3
239.0,17.0,null,1
239.0,19.0,null,1
240.0,4.0,-0.16666666666666666,4
240.0,5.0,-0.5,9
240.0,6.0,null,1
240.0,9.0,null,3
240.0,11.0,null,1
240.0,12.0,null,7
240.0,14.0,-0.3333333333333333,5
240.0,15.0,null,1
240.0,16.0,null,3
240.0,17.0,null,3
241.0,4.0,null,7
241.0,5.0,null,9
241.0,6.0,null,1
241.0,9.0,null,4
241.0,11.0,null,1
241.0,12.0,null,8
241.0,14.0,null,5
241.0,15.0,null,2
241.0,16.0,0.6666666666666666,3
241.0,17.0,null,6
242.0,1.0,null,1
242.0,4.0,null,6
242.0,5.0,null,8
242.0,6.0,null,1
242.0,9.0,null,4
242.0,11.0,null,2
242.0,12.0,null,7
242.0,14.0,null,5
242.0,15.0,null,2
242.0,16.0,0.6666666666666666,2
242.0,17.0,null,6
243.0,1.0,null,3
243.0,4.0,null,3
243.0,5.0,null,6
243.0,9.0,null,2
243.0,11.0,null,4
243.0,12.0,null,4
243.0,14.0,null,4
243.0,16.0,0.6666666666666666,2
243.0,17.0,null,3
244.0,1.0,null,4
244.0,4.0,null,1
244.0,5.0,null,3
244.0,9.0,null,1
244.0,11.0,null,6
244.0,12.0,null,2
244.0,14.0,null,2
244.0,16.0,0.6666666666666666,2
244.0,17.0,null,1
245.0,1.0,null,4
245.0,2.0,null,1
245.0,4.0,null,2
245.0,5.0,null,2
245.0,11.0,null,7
245.0,12.0,null,1
245.0,13.0,null,2
245.0,15.0,null,2
245.0,16.0,0.6666666666666666,1
246.0,1.0,null,2
246.0,2.0,null,2
246.0,4.0,null,4
246.0,5.0,null,4
246.0,8.0,0.6666666666666666,1
246.0,11.0,null,7
246.0,12.0,null,2
246.0,13.0,null,4
246.0,15.0,null,3
246.0,16.0,0.6666666666666666,1
247.0,1.0,null,1
247.0,2.0,null,3
247.0,3.0,null,1
247.0,4.0,null,6
247.0,5.0,null,6
247.0,8.0,0.6666666666666666,3
247.0,11.0,null,7
247.0,12.0,null,4
247.0,13.0,null,6
247.0,15.0,null,5
248.0,2.0,null,5
248.0,3.0,null,2
248.0,4.0,null,8
248.0,5.0,null,8
248.0,8.0,0.6666666666666666,5
248.0,11.0,null,7
248.0,12.0,null,5
248.0,13.0,null,7
248.0,15.0,null,6
248.0,18.0,1.0,1
249.0,2.0,null,5
249.0,3.0,null,2
249.0,4.0,null,7
249.0,5.0,null,7
249.0,6.0,-0.6666666666666666,2
249.0,8.0,null,5
249.0,10.0,null,1
249.0,11.0,0.6666666666666666,8
249.0,12.0,null,5
249.0,13.0,0.8,7
249.0,15.0,-1.0,7
249.0,17.0,null,1
249.0,18.0,1.0,3
250.0,2.0,-0.3333333333333333,4
250.0,3.0,null,2
250.0,4.0,null,4
250.0,5.0,null,4
250.0,6.0,-0.6666666666666666,4
250.0,8.0,null,3
250.0,10.0,null,2
250.0,11.0,0.6666666666666666,8
250.0,12.0,null,4
250.0,13.0,0.8,7
250.0,15.0,-1.0,6
250.0,17.0,null,2
250.0,18.0,1.0,5
251.0,2.0,-0.3333333333333333,2
251.0,3.0,null,2
251.0,4.0,null,2
251.0,5.0,null,2
251.0,6.0,-0.6666666666666666,7
251.0,8.0,null,1
251.0,10.0,null,2
251.0,11.0,0.6666666666666666,7
251.0,12.0,null,4
251.0,13.0,0.8,7
251.0,15.0,-1.0,4
251.0,17.0,null,3
251.0,18.0,1.0,8
252.0,1.0,null,1
252.0,2.0,-0.3333333333333333,1
252.0,3.0,null,1
252.0,5.0,null,1
252.0,6.0,-0.6666666666666666,8
252.0,10.0,null,2
252.0,11.0,0.6666666666666666,6
252.0,12.0,null,5
252.0,13.0,0.8,7
252.0,15.0,-1.0,2
252.0,17.0,null,4
252.0,18.0,1.0,8
253.0,1.0,null,2
253.0,3.0,null,1
253.0,5.0,null,3
253.0,6.0,-0.6666666666666666,7
253.0,7.0,null,2
253.0,9.0,null,3
253.0,10.0,null,3
253.0,11.0,0.6666666666666666,6
253.0,12.0,null,6
253.0,13.0,0.8,8
253.0,14.0,-0.8,2
253.0,15.0,-1.0,1
253.0,17.0,null,1
253.0,18.0,1.0,7
253.0,19.0,0.6666666666666666,2
254.0,1.0,null,3
254.0,3.0,null,1
254.0,4.0,null,1
254.0,5.0,null,5
254.0,6.0,-0.6666666666666666,8
254.0,7.0,null,5
254.0,9.0,null,6
254.0,10.0,null,6
254.0,11.0,0.6666666666666666,5
254.0,12.0,null,7
254.0,13.0,0.8,9
254.0,14.0,-0.8,4
254.0,15.0,-1.0,4
254.0,17.0,null,1
254.0,18.0,1.0,8
254.0,19.0,0.6666666666666666,5
255.0,1.0,null,3
255.0,4.0,null,3
255.0,5.0,null,8
255.0,6.0,-0.6666666666666666,9
255.0,7.0,null,7
255.0,9.0,null,8
255.0,10.0,null,8
255.0,11.0,null,4
255.0,12.0,null,7
255.0,13.0,0.8,9
255.0,14.0,-0.8,6
255.0,15.0,-1.0,6
255.0,17.0,null,1
255.0,18.0,1.0,9
255.0,19.0,0.6666666666666666,7
256.0,1.0,null,2
256.0,4.0,0.0,4
256.0,5.0,0.0,8
256.0,6.0,null,9
256.0,7.0,null,7
256.0,9.0,null,9
256.0,10.0,null,9
256.0,11.0,1.0,2
256.0,12.0,-1.0,7
256.0,13.0,0.8,9
256.0,14.0,-0.8,7
256.0,15.0,null,6
256.0,18.0,1.0,9
256.0,19.0,1.0,7
257.0,4.0,0.0,6
257.0,5.0,0.0,8
257.0,6.0,null,9
257.0,7.0,null,7
257.0,9.0,null,9
257.0,10.0,null,9
257.0,12.0,-1.0,7
257.0,13.0,0.8,9
257.0,14.0,-0.8,7
257.0,15.0,null,7
257.0,18.0,1.0,9
257.0,19.0,1.0,8
258.0,4.0,0.0,6
258.0,5.0,0.0,9
258.0,6.0,null,8
258.0,7.0,0.3333333333333333,6
258.0,9.0,null,8
258.0,10.0,null,8
258.0,12.0,-1.0,6
258.0,13.0,0.8,8
258.0,14.0,-0.8,6
258.0,15.0,null,6
258.0,18.0,1.0,8
258.0,19.0,1.0,8
259.0,4.0,0.0,5
259.0,5.0,0.0,8
259.0,6.0,null,6
259.0,7.0,0.3333333333333333,5
259.0,9.0,null,6
259.0,10.0,null,6
259.0,12.0,-1.0,4
259.0,13.0,0.8,6
259.0,14.0,-0.8,5
259.0,15.0,null,5
259.0,18.0,1.0,6
259.0,19.0,1.0,6
260.0,3.0,null,1
260.0,4.0,0.0,3
260.0,5.0,0.0,6
260.0,6.0,null,3
260.0,7.0,0.3333333333333333,3
260.0,9.0,null,3
260.0,10.0,null,3
260.0,12.0,-1.0,2
260.0,13.0,0.8,3
260.0,14.0,-0.5666666666666667,3
260.0,15.0,null,3
260.0,18.0,1.0,3
260.0,19.0,1.0,3
261.0,3.0,null,1
261.0,5.0,0.0,6
262.0,3.0,null,2
262.0,5.0,-0.5,6
262.0,7.0,0.3333333333333333,1
262.0,9.0,null,1
262.0,10.0,null,1
262.0,12.0,-1.0,1
262.0,17.0,null,1
262.0,18.0,1.0,1
262.0,19.0,1.0,1
263.0,1.0,null,1
263.0,3.0,null,4
263.0,5.0,-0.5,6
263.0,7.0,0.3333333333333333,3
263.0,9.0,null,3
263.0,10.0,null,3
263.0,12.0,-1.0,3
263.0,14.0,-0.5666666666666667,1
263.0,17.0,null,3
263.0,18.0,1.0,3
263.0,19.0,1.0,3
264.0,1.0,0.3333333333333333,3
264.0,2.0,-1.0,2
264.0,3.0,null,6
264.0,4.0,-0.3333333333333333,3
264.0,5.0,-0.4444444444444444,6
264.0,6.0,null,1
264.0,7.0,0.3333333333333333,6
264.0,8.0,null,1
264.0,9.0,null,6
264.0,10.0,null,6
264.0,12.0,-0.6666666666666666,5
264.0,13.0,0.3333333333333333,1
264.0,14.0,-0.3333333333333333,3
264.0,15.0,0.3333333333333333,2
264.0,17.0,null,5
264.0,18.0,null,6
264.0,19.0,1.0,6
265.0,1.0,0.3333333333333333,5
265.0,2.0,-1.0,5
265.0,3.0,null,8
265.0,4.0,-0.3333333333333333,6
265.0,5.0,-0.4444444444444444,5
265.0,6.0,null,2
265.0,7.0,0.3333333333333333,7
265.0,8.0,null,4
265.0,9.0,null,8
265.0,10.0,null,9
265.0,11.0,null,2
265.0,12.0,-0.6666666666666666,7
265.0,13.0,0.3333333333333333,1
265.0,14.0,-0.3333333333333333,5
265.0,15.0,0.3333333333333333,2
265.0,17.0,null,6
265.0,18.0,null,8
265.0,19.0,1.0,7
266.0,1.0,0.3333333333333333,7
266.0,2.0,-1.0,8
266.0,3.0,null,6
266.0,4.0,-0.3333333333333333,7
266.0,5.0,-0.4444444444444444,6
266.0,6.0,null,4
266.0,7.0,0.3333333333333333,4
266.0,8.0,null,7
266.0,9.0,null,8
266.0,10.0,null,8
266.0,11.0,null,4
266.0,12.0,-0.6666666666666666,8
266.0,13.0,0.3333333333333333,2
266.0,14.0,-0.3333333333333333,7
266.0,15.0,0.3333333333333333,2
266.0,17.0,null,6
266.0,18.0,null,6
266.0,19.0,1.0,6
267.0,1.0,0.3333333333333333,7
267.0,2.0,-1.0,9
267.0,3.0,null,5
267.0,4.0,-0.3333333333333333,7
267.0,5.0,-0.4444444444444444,5
267.0,6.0,null,5
267.0,7.0,0.6666666666666666,2
267.0,8.0,null,8
267.0,9.0,null,9
267.0,10.0,null,6
267.0,11.0,null,6
267.0,12.0,-0.6666666666666666,9
267.0,13.0,0.3333333333333333,2
267.0,14.0,-0.3333333333333333,7
267.0,15.0,0.3333333333333333,1
267.0,17.0,null,5
267.0,18.0,null,4
267.0,19.0,1.0,6
268.0,1.0,0.3333333333333333,7
268.0,2.0,-1.0,9
268.0,3.0,null,4
268.0,4.0,null,6
268.0,5.0,0.0,6
268.0,6.0,null,6
268.0,7.0,0.6666666666666666,1
268.0,8.0,null,9
268.0,9.0,null,9
268.0,10.0,null,5
268.0,11.0,null,7
268.0,12.0,-0.6666666666666666,9
268.0,13.0,0.3333333333333333,3
268.0,14.0,-0.3333333333333333,7
268.0,17.0,null,6
268.0,18.0,null,3
268.0,19.0,1.0,7
269.0,1.0,0.3333333333333333,7
269.0,2.0,-1.0,9
269.0,3.0,null,5
269.0,4.0,null,5
269.0,5.0,0.0,6
269.0,6.0,null,6
269.0,7.0,0.6666666666666666,2
269.0,8.0,null,9
269.0,9.0,null,9
269.0,10.0,null,5
269.0,11.0,null,7
269.0,12.0,-0.6666666666666666,9
269.0,13.0,0.3333333333333333,5
269.0,14.0,-0.3333333333333333,7
269.0,15.0,0.3333333333333333,2
269.0,16.0,null,2
269.0,17.0,null,6
269.0,18.0,null,2
269.0,19.0,1.0,7
270.0,1.0,0.3333333333333333,7
270.0,2.0,-1.0,8
270.0,3.0,null,5
270.0,4.0,null,7
270.0,5.0,0.0,7
270.0,6.0,null,7
270.0,7.0,0.6666666666666666,5
270.0,8.0,null,9
270.0,9.0,null,9
270.0,10.0,null,7
270.0,11.0,null,8
270.0,12.0,-0.6666666666666666,9
270.0,13.0,0.3333333333333333,6
270.0,14.0,-0.3333333333333333,6
270.0,15.0,0.3333333333333333,5
270.0,16.0,null,4
270.0,17.0,null,8
270.0,18.0,null,4
270.0,19.0,1.0,7
271.0,1.0,0.3333333333333333,8
271.0,2.0,null,8
271.0,3.0,null,5
271.0,4.0,null,9
271.0,5.0,null,8
271.0,6.0,-0.6666666666666666,9
271.0,7.0,null,8
271.0,8.0,null,9
271.0,9.0,null,9
271.0,10.0,null,8
271.0,11.0,null,8
271.0,12.0,-0.6666666666666666,9
271.0,13.0,0.3333333333333333,8
271.0,14.0,null,5
271.0,15.0,0.3333333333333333,6
271.0,16.0,null,5
271.0,17.0,null,8
271.0,18.0,null,7
271.0,19.0,null,8
272.0,1.0,0.3333333333333333,8
272.0,2.0,null,6
272.0,3.0,null,4
272.0,4.0,null,8
272.0,5.0,null,7
272.0,6.0,-0.6666666666666666,7
272.0,7.0,null,7
272.0,8.0,null,8
272.0,9.0,null,8
272.0,10.0,null,6
272.0,11.0,null,7
272.0,12.0,-0.6666666666666666,9
272.0,13.0,0.3333333333333333,8
272.0,14.0,null,4
272.0,15.0,0.3333333333333333,5
272.0,16.0,null,5
272.0,17.0,null,7
272.0,18.0,null,7
272.0,19.0,null,9
273.0,1.0,null,7
273.0,2.0,null,5
273.0,3.0,null,5
273.0,4.0,null,8
273.0,5.0,null,6
273.0,6.0,-0.6666666666666666,6
273.0,7.0,null,6
273.0,8.0,null,8
273.0,9.0,null,7
273.0,10.0,null,6
273.0,11.0,null,7
273.0,12.0,null,9
273.0,13.0,null,8
273.0,14.0,null,4
273.0,15.0,null,5
273.0,16.0,null,5
273.0,17.0,null,6
273.0,18.0,null,6
273.0,19.0,null,8
274.0,1.0,null,7
274.0,2.0,null,6
274.0,3.0,null,6
274.0,4.0,null,8
274.0,5.0,null,7
274.0,6.0,-0.6666666666666666,6
274.0,7.0,null,6
274.0,8.0,null,8
274.0,9.0,null,7
274.0,10.0,null,6
274.0,11.0,null,7
274.0,12.0,null,8
274.0,13.0,null,8
274.0,14.0,null,5
274.0,15.0,null,5
274.0,16.0,null,7
274.0,17.0,null,5
274.0,18.0,null,7
274.0,19.0,null,7
275.0,1.0,null,5
275.0,2.0,null,5
275.0,3.0,null,5
275.0,4.0,null,7
275.0,5.0,null,7
275.0,6.0,null,5
275.0,7.0,0.0,6
275.0,8.0,null,5
275.0,9.0,null,5
275.0,10.0,null,5
275.0,11.0,null,5
275.0,12.0,null,6
275.0,13.0,null,6
275.0,14.0,null,5
275.0,15.0,null,5
275.0,16.0,null,7
275.0,17.0,null,3
275.0,18.0,null,8
275.0,19.0,null,6
276.0,1.0,null,2
276.0,2.0,null,2
276.0,3.0,null,2
276.0,4.0,null,7
276.0,5.0,null,9
276.0,6.0,null,2
276.0,7.0,0.0,3
276.0,8.0,null,2
276.0,9.0,null,2
276.0,10.0,null,2
276.0,11.0,null,2
276.0,12.0,null,3
276.0,13.0,null,4
276.0,14.0,null,2
276.0,15.0,null,2
276.0,16.0,null,4
276.0,17.0,null,1
276.0,18.0,null,6
276.0,19.0,null,3
277.0,4.0,null,6
277.0,5.0,null,9
277.0,13.0,null,2
277.0,16.0,null,3
277.0,18.0,null,4
277.0,19.0,null,1
278.0,4.0,0.0,6
278.0,5.0,0.0,9
278.0,6.0,null,1
278.0,7.0,0.0,1
278.0,10.0,null,1
278.0,11.0,null,1
278.0,13.0,null,2
278.0,14.0,null,1
278.0,15.0,null,1
278.0,16.0,null,2
278.0,17.0,null,1
278.0,18.0,null,4
278.0,19.0,null,2
279.0,1.0,null,1
279.0,4.0,0.0,5
279.0,5.0,0.0,9
279.0,6.0,null,3
279.0,7.0,0.0,3
279.0,8.0,null,1
279.0,10.0,null,3
279.0,11.0,null,3
279.0,13.0,null,4
279.0,14.0,null,3
279.0,15.0,null,2
279.0,16.0,null,3
279.0,17.0,null,3
279.0,18.0,null,5
279.0,19.0,null,4
280.0,1.0,0.0,1
280.0,4.0,null,3
280.0,5.0,null,9
280.0,6.0,null,4
280.0,7.0,0.0,4
280.0,8.0,null,1
280.0,10.0,null,5
280.0,11.0,null,6
280.0,13.0,null,7
280.0,14.0,null,6
280.0,15.0,null,3
280.0,16.0,null,6
280.0,17.0,null,4
280.0,18.0,null,7
280.0,19.0,null,7
281.0,1.0,null,1
281.0,4.0,0.3333333333333333,4
281.0,5.0,null,7
281.0,6.0,null,4
281.0,7.0,0.6666666666666666,4
281.0,8.0,null,1
281.0,9.0,null,1
281.0,10.0,null,5
281.0,11.0,null,7
281.0,13.0,null,6
281.0,14.0,null,6
281.0,15.0,null,3
281.0,16.0,null,5
281.0,17.0,null,4
281.0,18.0,null,6
281.0,19.0,null,8
282.0,4.0,0.3333333333333333,5
282.0,5.0,null,4
282.0,6.0,null,2
282.0,7.0,0.6666666666666666,2
282.0,8.0,null,1
282.0,9.0,null,1
282.0,10.0,null,2
282.0,11.0,null,4
282.0,13.0,null,3
282.0,14.0,null,3
282.0,15.0,null,1
282.0,16.0,null,3
282.0,17.0,null,2
282.0,18.0,null,3
282.0,19.0,null,5
283.0,4.0,0.3333333333333333,5
283.0,5.0,null,2
283.0,6.0,null,1
283.0,7.0,0.6666666666666666,1
283.0,9.0,null,1
283.0,10.0,null,1
283.0,11.0,null,3
283.0,13.0,null,1
283.0,14.0,null,1
283.0,15.0,null,2
283.0,16.0,null,1
283.0,17.0,null,1
283.0,18.0,null,1
283.0,19.0,null,2
284.0,4.0,0.3333333333333333,3
284.0,5.0,-0.3333333333333333,2
284.0,6.0,null,1
284.0,8.0,null,1
284.0,9.0,null,1
284.0,10.0,null,1
284.0,11.0,null,3
284.0,15.0,null,2
284.0,19.0,null,1
285.0,1.0,null,1
285.0,3.0,null,2
285.0,5.0,null,1
285.0,6.0,null,3
285.0,7.0,0.6666666666666666,2
285.0,8.0,null,1
285.0,9.0,null,2
285.0,10.0,null,3
285.0,11.0,null,4
285.0,13.0,null,2
285.0,14.0,null,2
285.0,15.0,null,4
285.0,17.0,null,2
285.0,18.0,null,2
285.0,19.0,null,2
286.0,1.0,null,2
286.0,3.0,null,5
286.0,5.0,null,1
286.0,6.0,null,6
286.0,7.0,0.6666666666666666,5
286.0,8.0,null,1
286.0,9.0,null,5
286.0,10.0,null,5
286.0,11.0,null,4
286.0,13.0,null,5
286.0,14.0,null,5
286.0,15.0,null,7
286.0,17.0,null,3
286.0,18.0,null,5
286.0,19.0,null,5
287.0,1.0,null,2
287.0,3.0,null,6
287.0,5.0,null,1
287.0,6.0,null,6
287.0,7.0,0.6666666666666666,6
287.0,8.0,null,1
287.0,9.0,null,5
287.0,10.0,null,5
287.0,11.0,null,3
287.0,13.0,null,5
287.0,14.0,null,6
287.0,15.0,null,7
287.0,17.0,null,3
287.0,18.0,null,6
287.0,19.0,null,6
288.0,1.0,null,3
288.0,2.0,null,1
288.0,3.0,null,6
288.0,4.0,0.3333333333333333,2
288.0,5.0,null,1
288.0,6.0,null,4
288.0,7.0,0.6666666666666666,6
288.0,8.0,null,1
288.0,9.0,null,4
288.0,10.0,null,4
288.0,11.0,null,2
288.0,12.0,null,1
288.0,13.0,null,4
288.0,14.0,null,6
288.0,15.0,null,6
288.0,16.0,null,1
288.0,17.0,null,3
288.0,18.0,null,6
288.0,19.0,null,6
289.0,1.0,-1.0,4
289.0,2.0,0.5,3
289.0,3.0,null,7
289.0,4.0,0.3333333333333333,5
289.0,5.0,0.3333333333333333,4
289.0,6.0,null,5
289.0,7.0,0.6666666666666666,7
289.0,8.0,null,3
289.0,9.0,null,4
289.0,10.0,null,4
289.0,11.0,null,3
289.0,12.0,null,4
289.0,13.0,1.0,4
289.0,14.0,null,6
289.0,15.0,0.6666666666666666,6
289.0,16.0,null,3
289.0,17.0,null,4
289.0,18.0,null,6
289.0,19.0,1.0,7
290.0,1.0,-1.0,5
290.0,2.0,0.5,6
290.0,3.0,null,8
290.0,4.0,0.3333333333333333,8
290.0,5.0,0.3333333333333333,7
290.0,6.0,null,7
290.0,7.0,0.6666666666666666,9
290.0,8.0,null,5
290.0,9.0,null,6
290.0,10.0,null,7
290.0,11.0,null,5
290.0,12.0,null,7
290.0,13.0,1.0,6
290.0,14.0,null,7
290.0,15.0,0.6666666666666666,8
290.0,16.0,null,5
290.0,17.0,null,6
290.0,18.0,null,7
290.0,19.0,1.0,8
291.0,1.0,-1.0,5
291.0,2.0,0.5,7
291.0,3.0,null,5
291.0,4.0,0.3333333333333333,9
291.0,5.0,0.3333333333333333,9
291.0,6.0,null,9
291.0,7.0,0.6666666666666666,9
291.0,8.0,null,5
291.0,9.0,null,8
291.0,10.0,null,8
291.0,11.0,null,6
291.0,12.0,null,9
291.0,13.0,1.0,8
291.0,14.0,null,5
291.0,15.0,0.6666666666666666,8
291.0,16.0,null,5
291.0,17.0,null,7
291.0,18.0,null,5
291.0,19.0,1.0,5
292.0,1.0,-1.0,3
292.0,2.0,0.5,4
292.0,3.0,null,2
292.0,4.0,0.3333333333333333,9
292.0,5.0,0.3333333333333333,9
292.0,6.0,null,9
292.0,7.0,0.6666666666666666,9
292.0,8.0,null,2
292.0,9.0,null,7
292.0,10.0,null,7
292.0,11.0,null,3
292.0,12.0,null,9
292.0,13.0,1.0,7
292.0,14.0,null,2
292.0,15.0,0.6666666666666666,7
292.0,16.0,null,2
292.0,17.0,null,5
292.0,18.0,null,2
292.0,19.0,1.0,2
293.0,1.0,null,2
293.0,2.0,null,2
293.0,4.0,null,9
293.0,5.0,null,9
293.0,6.0,null,9
293.0,7.0,null,9
293.0,9.0,null,7
293.0,10.0,null,7
293.0,11.0,null,2
293.0,12.0,-0.6666666666666666,9
293.0,13.0,null,7
293.0,15.0,0.6666666666666666,7
293.0,17.0,null,5
294.0,1.0,null,2
294.0,2.0,null,1
294.0,4.0,null,8
294.0,5.0,null,9
294.0,6.0,null,8
294.0,7.0,null,8
294.0,9.0,null,6
294.0,10.0,null,6
294.0,11.0,null,3
294.0,12.0,-0.6666666666666666,8
294.0,13.0,null,7
294.0,15.0,0.6666666666666666,6
294.0,17.0,null,5
295.0,1.0,null,2
295.0,4.0,null,7
295.0,5.0,null,8
295.0,6.0,null,6
295.0,7.0,null,6
295.0,9.0,null,5
295.0,10.0,null,4
295.0,11.0,null,2
295.0,12.0,-0.6666666666666666,6
295.0,13.0,null,5
295.0,15.0,0.6666666666666666,4
295.0,17.0,null,4
296.0,1.0,null,2
296.0,2.0,null,1
296.0,4.0,null,5
296.0,5.0,null,7
296.0,6.0,null,3
296.0,7.0,null,4
296.0,9.0,null,4
296.0,10.0,null,2
296.0,11.0,null,2
296.0,12.0,-0.6666666666666666,3
296.0,13.0,null,3
296.0,15.0,0.6666666666666666,3
296.0,17.0,null,2
296.0,18.0,null,1
296.0,19.0,null,1
297.0,1.0,0.0,3
297.0,2.0,null,2
297.0,3.0,null,1
297.0,4.0,null,4
297.0,5.0,null,5
297.0,7.0,0.5,2
297.0,9.0,null,4
297.0,10.0,-0.6666666666666666,2
297.0,11.0,0.6666666666666666,1
297.0,13.0,0.3333333333333333,2
297.0,14.0,null,1
297.0,15.0,null,3
297.0,18.0,null,2
297.0,19.0,1.0,2
298.0,1.0,0.0,4
298.0,2.0,null,2
298.0,3.0,null,1
298.0,4.0,null,5
298.0,5.0,null,4
298.0,7.0,0.5,2
298.0,9.0,null,3
298.0,10.0,-0.6666666666666666,2
298.0,13.0,0.3333333333333333,2
298.0,14.0,null,1
298.0,15.0,null,2
298.0,18.0,null,2
298.0,19.0,1.0,2
299.0,1.0,0.0,4
299.0,2.0,null,2
299.0,3.0,null,1
299.0,4.0,null,4
299.0,5.0,null,2
299.0,7.0,0.5,2
299.0,9.0,null,3
299.0,10.0,-0.1111111111111111,2
299.0,13.0,0.6666666666666666,2
299.0,14.0,null,1
299.0,15.0,null,2
299.0,18.0,null,2
299.0,19.0,1.0,2
300.0,1.0,0.0,2
300.0,2.0,null,1
300.0,3.0,null,1
300.0,4.0,null,2
300.0,5.0,null,1
300.0,7.0,0.5,1
300.0,9.0,null,1
300.0,10.0,-0.16666666666666666,1
300.0,13.0,0.6666666666666666,1
300.0,14.0,null,1
300.0,15.0,null,1
300.0,18.0,null,1
300.0,19.0,1.0,1
302.0,4.0,null,1
302.0,5.0,null,1
302.0,7.0,0.5,1
302.0,8.0,null,1
302.0,14.0,null,1
302.0,15.0,null,1
302.0,16.0,null,1
303.0,2.0,null,1
303.0,4.0,0.0,3
303.0,5.0,0.0,3
303.0,6.0,null,1
303.0,7.0,null,3
303.0,8.0,null,3
303.0,14.0,null,3
303.0,15.0,null,2
303.0,16.0,null,3
304.0,2.0,null,1
304.0,4.0,0.0,5
304.0,5.0,0.0,6
304.0,6.0,null,3
304.0,7.0,null,5
304.0,8.0,null,6
304.0,14.0,null,5
304.0,15.0,null,4
304.0,16.0,null,6
305.0,1.0,null,2
305.0,2.0,null,3
305.0,3.0,null,2
305.0,4.0,null,7
305.0,5.0,null,8
305.0,6.0,null,5
305.0,7.0,null,7
305.0,8.0,null,8
305.0,9.0,-0.3333333333333333,2
305.0,10.0,null,2
305.0,11.0,null,2
305.0,12.0,null,2
305.0,13.0,null,2
305.0,14.0,null,7
305.0,15.0,null,6
305.0,16.0,null,8
305.0,17.0,null,2
305.0,18.0,null,2
305.0,19.0,null,2
306.0,1.0,null,5
306.0,2.0,null,6
306.0,3.0,null,5
306.0,4.0,null,7
306.0,5.0,null,8
306.0,6.0,null,8
306.0,7.0,null,8
306.0,8.0,null,8
306.0,9.0,null,5
306.0,10.0,null,5
306.0,11.0,null,5
306.0,12.0,null,5
306.0,13.0,null,5
306.0,14.0,null,8
306.0,15.0,null,8
306.0,16.0,null,8
306.0,17.0,null,5
306.0,18.0,null,5
306.0,19.0,null,5
307.0,1.0,null,5
307.0,2.0,null,5
307.0,3.0,null,5
307.0,4.0,null,5
307.0,5.0,null,6
307.0,6.0,null,6
307.0,7.0,null,6
307.0,8.0,null,6
307.0,9.0,null,5
307.0,10.0,null,5
307.0,11.0,null,5
307.0,12.0,null,5
307.0,13.0,null,5
307.0,14.0,null,6
307.0,15.0,null,6
307.0,16.0,null,6
307.0,17.0,null,5
307.0,18.0,null,5
307.0,19.0,null,5
308.0,1.0,null,3
308.0,2.0,null,3
308.0,3.0,null,3
308.0,4.0,null,3
308.0,5.0,null,3
308.0,6.0,null,3
308.0,7.0,null,3
308.0,8.0,null,3
308.0,9.0,null,3
308.0,10.0,null,3
308.0,11.0,null,3
308.0,12.0,null,3
308.0,13.0,null,3
308.0,14.0,null,3
308.0,15.0,null,3
308.0,16.0,null,3
308.0,17.0,null,3
308.0,18.0,null,3
308.0,19.0,null,3
309.0,1.0,null,1
309.0,2.0,null,1
309.0,3.0,null,1
309.0,4.0,null,1
309.0,5.0,null,1
309.0,6.0,null,1
309.0,7.0,null,1
309.0,8.0,null,1
309.0,9.0,null,1
309.0,10.0,null,1
309.0,11.0,null,1
309.0,12.0,null,1
309.0,13.0,null,1
309.0,14.0,null,1
309.0,15.0,null,1
309.0,16.0,null,1
309.0,17.0,null,1
309.0,18.0,null,1
309.0,19.0,null,1
