pid,measure
11.0,5
11.0,16
11.0,17
11.0,25
11.0,26
11.0,27
11.0,41
11.0,42
11.0,43
11.0,44
11.0,45
11.0,88
11.0,97
11.0,98
11.0,99
11.0,100
11.0,101
11.0,102
11.0,103
11.0,104
11.0,129
11.0,130
11.0,131
11.0,132
11.0,133
11.0,134
11.0,135
11.0,136
11.0,147
11.0,193
11.0,194
11.0,201
11.0,202
11.0,203
11.0,204
11.0,205
11.0,206
11.0,207
11.0,208
11.0,209
11.0,210
11.0,211
11.0,212
11.0,213
11.0,214
11.0,215
11.0,216
11.0,217
11.0,218
11.0,233
11.0,241
11.0,242
11.0,243
11.0,244
11.0,245
11.0,246
11.0,247
11.0,248
12.0,1
12.0,2
12.0,3
12.0,4
12.0,5
12.0,6
12.0,20
12.0,30
12.0,31
12.0,32
12.0,41
12.0,42
12.0,43
12.0,44
12.0,45
12.0,46
12.0,53
12.0,65
12.0,66
12.0,67
12.0,68
12.0,69
12.0,95
12.0,97
12.0,98
12.0,99
12.0,100
12.0,101
12.0,105
12.0,106
12.0,107
12.0,108
12.0,109
12.0,110
12.0,111
12.0,130
12.0,135
12.0,145
12.0,146
12.0,147
12.0,151
12.0,161
12.0,162
12.0,163
12.0,164
12.0,165
12.0,166
12.0,167
12.0,168
12.0,169
12.0,170
12.0,171
12.0,172
12.0,173
12.0,174
12.0,175
12.0,176
12.0,179
12.0,185
12.0,186
12.0,187
12.0,188
12.0,189
12.0,190
12.0,191
12.0,192
12.0,212
12.0,213
12.0,214
12.0,215
12.0,216
12.0,220
12.0,237
12.0,238
12.0,239
12.0,240
12.0,263
12.0,289
12.0,290
12.0,291
12.0,292
13.0,1
13.0,2
13.0,3
13.0,4
13.0,5
13.0,6
13.0,10
13.0,11
13.0,12
13.0,40
13.0,49
13.0,66
13.0,67
13.0,68
13.0,69
13.0,90
13.0,91
13.0,92
13.0,93
13.0,106
13.0,107
13.0,108
13.0,109
13.0,110
13.0,111
13.0,114
13.0,115
13.0,116
13.0,117
13.0,118
13.0,119
13.0,135
13.0,145
13.0,146
13.0,147
13.0,148
13.0,149
13.0,150
13.0,151
13.0,152
13.0,160
13.0,161
13.0,162
13.0,163
13.0,164
13.0,165
13.0,214
13.0,215
13.0,216
13.0,256
13.0,257
13.0,258
13.0,259
13.0,260
13.0,261
13.0,262
13.0,263
13.0,278
13.0,279
13.0,303
13.0,304
14.0,4
14.0,17
14.0,18
14.0,19
14.0,20
14.0,21
14.0,26
14.0,27
14.0,28
14.0,29
14.0,30
14.0,31
14.0,32
14.0,38
14.0,50
14.0,51
14.0,52
14.0,53
14.0,54
14.0,55
14.0,56
14.0,81
14.0,82
14.0,83
14.0,84
14.0,85
14.0,86
14.0,87
14.0,88
14.0,89
14.0,90
14.0,91
14.0,92
14.0,93
14.0,108
14.0,128
14.0,145
14.0,146
14.0,147
14.0,148
14.0,149
14.0,157
14.0,177
14.0,178
14.0,179
14.0,180
14.0,181
14.0,182
14.0,183
14.0,184
14.0,206
14.0,215
14.0,233
14.0,234
14.0,235
14.0,236
14.0,237
14.0,238
14.0,239
14.0,240
14.0,241
14.0,242
14.0,243
14.0,244
14.0,245
14.0,246
14.0,247
14.0,248
14.0,249
14.0,250
14.0,251
14.0,252
14.0,253
14.0,254
14.0,255
14.0,256
14.0,257
14.0,258
14.0,259
14.0,260
14.0,261
14.0,262
14.0,263
14.0,271
14.0,299
14.0,300
14.0,301
14.0,302
15.0,1
15.0,2
15.0,3
15.0,4
15.0,5
15.0,18
15.0,33
15.0,34
15.0,35
15.0,36
15.0,37
15.0,38
15.0,39
15.0,40
15.0,46
15.0,50
15.0,51
15.0,52
15.0,53
15.0,54
15.0,55
15.0,69
15.0,81
15.0,82
15.0,83
15.0,84
15.0,85
15.0,86
15.0,87
15.0,88
15.0,89
15.0,90
15.0,91
15.0,92
15.0,93
15.0,113
15.0,114
15.0,115
15.0,116
15.0,117
15.0,118
15.0,119
15.0,120
15.0,121
15.0,122
15.0,123
15.0,124
15.0,125
15.0,126
15.0,127
15.0,128
15.0,145
15.0,146
15.0,147
15.0,148
15.0,149
15.0,150
15.0,151
15.0,152
15.0,161
15.0,162
15.0,163
15.0,164
15.0,165
15.0,166
15.0,167
15.0,168
15.0,169
15.0,170
15.0,171
15.0,172
15.0,173
15.0,174
15.0,175
15.0,176
15.0,177
15.0,178
15.0,179
15.0,180
15.0,181
15.0,182
15.0,183
15.0,184
15.0,201
15.0,202
15.0,203
15.0,204
15.0,205
15.0,206
15.0,207
15.0,208
15.0,214
15.0,215
15.0,216
15.0,233
15.0,234
15.0,235
15.0,236
15.0,237
15.0,238
15.0,239
15.0,240
15.0,262
15.0,263
15.0,271
15.0,272
15.0,300
15.0,301
15.0,302
16.0,1
16.0,2
16.0,3
16.0,4
16.0,5
16.0,41
16.0,42
16.0,43
16.0,44
16.0,45
16.0,66
16.0,73
16.0,74
16.0,75
16.0,76
16.0,77
16.0,78
16.0,79
16.0,80
16.0,108
16.0,145
16.0,146
16.0,147
16.0,148
16.0,177
16.0,210
16.0,215
16.0,216
16.0,249
16.0,250
16.0,251
16.0,252
16.0,253
16.0,254
16.0,255
16.0,256
16.0,257
16.0,258
16.0,259
16.0,260
16.0,261
16.0,262
16.0,263
16.0,297
16.0,298
16.0,299
16.0,300
16.0,301
16.0,302
17.0,10
17.0,59
17.0,60
17.0,61
17.0,62
17.0,63
17.0,64
17.0,67
17.0,81
17.0,82
17.0,83
17.0,84
17.0,85
17.0,86
17.0,87
17.0,88
17.0,113
17.0,114
17.0,115
17.0,116
17.0,117
17.0,118
17.0,119
17.0,120
17.0,139
17.0,165
17.0,166
17.0,167
17.0,168
17.0,169
17.0,170
17.0,171
17.0,172
17.0,173
17.0,174
17.0,175
17.0,176
17.0,177
17.0,178
17.0,179
17.0,180
17.0,181
17.0,182
17.0,183
17.0,184
17.0,209
17.0,210
17.0,211
17.0,212
17.0,213
17.0,256
17.0,257
17.0,258
17.0,259
17.0,260
17.0,261
17.0,262
17.0,263
17.0,299
17.0,300
17.0,301
17.0,302
18.0,1
18.0,2
18.0,3
18.0,4
18.0,5
18.0,6
18.0,41
18.0,42
18.0,43
18.0,44
18.0,45
18.0,57
18.0,58
18.0,59
18.0,60
18.0,61
18.0,62
18.0,63
18.0,64
18.0,65
18.0,66
18.0,67
18.0,68
18.0,69
18.0,70
18.0,71
18.0,72
18.0,97
18.0,98
18.0,99
18.0,100
18.0,101
18.0,102
18.0,103
18.0,104
18.0,129
18.0,130
18.0,131
18.0,132
18.0,133
18.0,134
18.0,135
18.0,136
18.0,148
18.0,169
18.0,170
18.0,171
18.0,172
18.0,173
18.0,174
18.0,175
18.0,176
18.0,201
18.0,202
18.0,203
18.0,204
18.0,205
18.0,206
18.0,225
18.0,226
18.0,227
18.0,228
18.0,229
18.0,230
18.0,231
18.0,232
18.0,240
18.0,262
18.0,289
18.0,290
18.0,291
18.0,292
19.0,1
19.0,2
19.0,3
19.0,4
19.0,5
19.0,9
19.0,10
19.0,11
19.0,12
19.0,13
19.0,14
19.0,15
19.0,16
19.0,17
19.0,18
19.0,19
19.0,20
19.0,21
19.0,22
19.0,23
19.0,24
19.0,25
19.0,26
19.0,27
19.0,28
19.0,29
19.0,30
19.0,31
19.0,32
19.0,41
19.0,42
19.0,43
19.0,44
19.0,45
19.0,50
19.0,51
19.0,52
19.0,53
19.0,54
19.0,55
19.0,56
19.0,66
19.0,93
19.0,94
19.0,95
19.0,96
19.0,129
19.0,130
19.0,131
19.0,132
19.0,133
19.0,134
19.0,135
19.0,136
19.0,145
19.0,146
19.0,147
19.0,148
19.0,149
19.0,150
19.0,193
19.0,194
19.0,195
19.0,196
19.0,214
19.0,215
19.0,216
19.0,233
19.0,234
19.0,235
19.0,236
19.0,266
19.0,267
19.0,289
19.0,290
19.0,291
19.0,292
19.0,305
20.0,1
20.0,2
20.0,3
20.0,4
20.0,5
20.0,41
20.0,42
20.0,43
20.0,44
20.0,45
20.0,65
20.0,66
20.0,67
20.0,68
20.0,69
20.0,70
20.0,71
20.0,72
20.0,88
20.0,105
20.0,106
20.0,107
20.0,108
20.0,109
20.0,110
20.0,111
20.0,112
20.0,113
20.0,131
20.0,136
20.0,153
20.0,154
20.0,155
20.0,156
20.0,157
20.0,158
20.0,159
20.0,160
20.0,167
20.0,168
20.0,176
20.0,222
20.0,240
20.0,262
20.0,271
20.0,272
20.0,282
20.0,283
20.0,289
20.0,290
20.0,291
20.0,292
21.0,15
21.0,16
21.0,41
21.0,42
21.0,43
21.0,44
21.0,45
21.0,65
21.0,66
21.0,67
21.0,68
21.0,81
21.0,82
21.0,83
21.0,84
21.0,85
21.0,105
21.0,106
21.0,107
21.0,108
21.0,109
21.0,110
21.0,111
21.0,112
21.0,118
21.0,137
21.0,138
21.0,139
21.0,140
21.0,141
21.0,142
21.0,143
21.0,144
21.0,167
21.0,168
21.0,174
21.0,175
21.0,176
21.0,193
21.0,194
21.0,195
21.0,196
21.0,197
21.0,198
21.0,199
21.0,200
21.0,206
21.0,225
21.0,226
21.0,227
21.0,228
21.0,229
21.0,230
21.0,231
21.0,232
21.0,240
21.0,249
21.0,250
21.0,251
21.0,252
21.0,253
21.0,254
21.0,255
21.0,256
21.0,257
21.0,258
21.0,259
21.0,260
21.0,261
21.0,262
21.0,263
22.0,1
22.0,2
22.0,3
22.0,4
22.0,5
22.0,6
22.0,38
22.0,41
22.0,42
22.0,43
22.0,44
22.0,45
22.0,54
22.0,55
22.0,56
22.0,73
22.0,74
22.0,75
22.0,76
22.0,77
22.0,78
22.0,79
22.0,80
22.0,86
22.0,87
22.0,88
22.0,105
22.0,106
22.0,107
22.0,108
22.0,109
22.0,110
22.0,111
22.0,112
22.0,121
22.0,122
22.0,123
22.0,124
22.0,125
22.0,126
22.0,127
22.0,140
22.0,145
22.0,146
22.0,147
22.0,148
22.0,149
22.0,150
22.0,151
22.0,152
22.0,157
22.0,177
22.0,178
22.0,179
22.0,180
22.0,181
22.0,182
22.0,183
22.0,184
22.0,202
22.0,203
22.0,204
22.0,205
22.0,206
22.0,207
22.0,208
22.0,217
22.0,218
22.0,219
22.0,220
22.0,221
22.0,222
22.0,223
22.0,236
22.0,271
22.0,272
22.0,300
22.0,305
23.0,1
23.0,2
23.0,3
23.0,4
23.0,5
23.0,6
23.0,9
23.0,10
23.0,11
23.0,12
23.0,13
23.0,14
23.0,15
23.0,16
23.0,17
23.0,18
23.0,19
23.0,20
23.0,21
23.0,22
23.0,23
23.0,24
23.0,25
23.0,26
23.0,27
23.0,28
23.0,29
23.0,30
23.0,31
23.0,32
23.0,41
23.0,42
23.0,43
23.0,44
23.0,45
23.0,46
23.0,49
23.0,50
23.0,51
23.0,52
23.0,53
23.0,54
23.0,55
23.0,56
23.0,67
23.0,68
23.0,72
23.0,94
23.0,107
23.0,132
23.0,133
23.0,134
23.0,135
23.0,145
23.0,146
23.0,147
23.0,148
23.0,149
23.0,164
23.0,182
23.0,209
23.0,212
23.0,217
23.0,218
23.0,219
23.0,220
23.0,221
23.0,233
23.0,240
23.0,275
23.0,277
23.0,278
23.0,284
23.0,289
23.0,290
23.0,291
23.0,292
24.0,1
24.0,2
24.0,3
24.0,4
24.0,5
24.0,6
24.0,19
25.0,4
25.0,10
25.0,38
25.0,41
25.0,42
25.0,43
25.0,44
25.0,45
25.0,56
25.0,57
25.0,58
25.0,59
25.0,60
25.0,61
25.0,65
25.0,66
25.0,67
25.0,68
25.0,69
25.0,70
25.0,71
25.0,72
25.0,79
25.0,80
25.0,81
25.0,82
25.0,83
25.0,84
25.0,85
25.0,86
25.0,87
25.0,88
25.0,89
25.0,90
25.0,91
25.0,92
25.0,93
25.0,94
25.0,95
25.0,96
25.0,105
25.0,106
25.0,107
25.0,108
25.0,109
25.0,110
25.0,111
25.0,112
25.0,115
25.0,129
25.0,145
25.0,146
25.0,147
25.0,148
25.0,169
25.0,170
25.0,171
25.0,172
25.0,173
25.0,174
25.0,175
25.0,176
25.0,177
25.0,209
25.0,224
25.0,233
25.0,234
25.0,235
25.0,236
25.0,237
25.0,238
25.0,239
25.0,240
25.0,256
25.0,257
25.0,258
25.0,259
25.0,260
25.0,261
25.0,262
25.0,263
25.0,289
25.0,290
25.0,291
25.0,292
25.0,297
25.0,298
25.0,299
25.0,300
25.0,301
25.0,302
26.0,41
26.0,42
26.0,43
26.0,44
26.0,45
26.0,49
26.0,50
26.0,51
26.0,52
26.0,53
26.0,54
26.0,55
26.0,56
26.0,84
26.0,105
26.0,106
26.0,107
26.0,108
26.0,109
26.0,110
26.0,111
26.0,112
26.0,129
26.0,130
26.0,131
26.0,132
26.0,133
26.0,134
26.0,135
26.0,136
26.0,151
26.0,152
26.0,161
26.0,162
26.0,163
26.0,164
26.0,165
26.0,166
26.0,177
26.0,178
26.0,179
26.0,180
26.0,181
26.0,182
26.0,183
26.0,184
26.0,185
26.0,186
26.0,187
26.0,188
26.0,189
26.0,190
26.0,191
26.0,192
26.0,193
26.0,194
26.0,195
26.0,196
26.0,197
26.0,198
26.0,199
26.0,200
26.0,202
26.0,209
26.0,210
26.0,211
26.0,212
26.0,213
26.0,214
26.0,215
26.0,216
26.0,217
26.0,218
26.0,219
26.0,220
26.0,221
26.0,232
26.0,275
26.0,300
26.0,301
26.0,302
27.0,16
27.0,17
27.0,18
27.0,19
27.0,20
27.0,21
27.0,22
27.0,23
27.0,24
27.0,41
27.0,42
27.0,105
27.0,106
27.0,107
27.0,108
27.0,109
27.0,110
27.0,111
27.0,112
27.0,131
27.0,153
27.0,154
27.0,155
27.0,156
27.0,157
27.0,158
27.0,159
27.0,160
27.0,195
27.0,209
27.0,210
27.0,211
27.0,212
27.0,213
28.0,7
28.0,8
28.0,47
28.0,48
28.0,56
28.0,62
28.0,63
28.0,64
28.0,65
28.0,66
28.0,67
28.0,68
28.0,69
28.0,70
28.0,71
28.0,72
28.0,105
28.0,112
28.0,113
28.0,114
28.0,115
28.0,128
28.0,136
28.0,152
28.0,153
28.0,154
28.0,155
28.0,156
28.0,157
28.0,202
28.0,203
28.0,204
28.0,205
28.0,206
28.0,207
28.0,208
28.0,217
28.0,218
28.0,219
28.0,220
28.0,221
28.0,222
28.0,223
28.0,224
28.0,234
28.0,250
28.0,251
28.0,252
28.0,253
28.0,254
28.0,255
28.0,264
28.0,265
28.0,266
28.0,267
28.0,289
28.0,290
28.0,291
28.0,292
29.0,25
29.0,26
29.0,27
29.0,28
29.0,29
29.0,30
29.0,31
29.0,32
29.0,81
29.0,82
29.0,83
29.0,84
29.0,85
29.0,86
29.0,87
29.0,88
29.0,150
29.0,166
29.0,167
29.0,178
29.0,179
29.0,180
29.0,181
29.0,182
29.0,183
29.0,193
29.0,194
29.0,195
29.0,196
29.0,197
29.0,198
29.0,199
29.0,200
29.0,226
29.0,249
29.0,250
29.0,251
29.0,252
29.0,253
29.0,254
29.0,289
29.0,290
29.0,291
29.0,292
29.0,299
29.0,300
29.0,301
30.0,23
30.0,41
30.0,42
30.0,43
30.0,44
30.0,45
30.0,54
30.0,55
30.0,56
30.0,57
30.0,58
30.0,59
30.0,60
30.0,61
30.0,62
30.0,63
30.0,64
30.0,73
30.0,74
30.0,75
30.0,76
30.0,77
30.0,78
30.0,79
30.0,80
30.0,129
30.0,130
30.0,131
30.0,132
30.0,133
30.0,134
30.0,135
30.0,136
30.0,142
30.0,201
30.0,202
30.0,203
30.0,214
30.0,215
30.0,216
30.0,222
30.0,223
30.0,233
30.0,234
30.0,235
30.0,236
30.0,237
30.0,238
30.0,239
30.0,240
30.0,264
30.0,265
30.0,266
30.0,267
30.0,297
30.0,298
30.0,299
30.0,300
30.0,301
30.0,302
31.0,1
31.0,2
31.0,3
31.0,4
31.0,5
31.0,6
31.0,9
31.0,10
31.0,11
31.0,12
31.0,13
31.0,14
31.0,15
31.0,16
31.0,17
31.0,18
31.0,19
31.0,20
31.0,21
31.0,22
31.0,23
31.0,24
31.0,25
31.0,26
31.0,27
31.0,28
31.0,29
31.0,30
31.0,31
31.0,32
31.0,41
31.0,42
31.0,43
31.0,44
31.0,45
31.0,46
31.0,47
31.0,48
31.0,49
31.0,50
31.0,51
31.0,52
31.0,53
31.0,54
31.0,55
31.0,56
31.0,57
31.0,58
31.0,59
31.0,60
31.0,61
31.0,62
31.0,63
31.0,64
31.0,65
31.0,66
31.0,67
31.0,68
31.0,69
31.0,70
31.0,71
31.0,72
31.0,81
31.0,82
31.0,83
31.0,84
31.0,85
31.0,86
31.0,87
31.0,88
31.0,95
31.0,96
31.0,105
31.0,106
31.0,107
31.0,108
31.0,109
31.0,110
31.0,111
31.0,112
31.0,114
31.0,121
31.0,122
31.0,123
31.0,124
31.0,125
31.0,126
31.0,127
31.0,128
31.0,169
31.0,170
31.0,171
31.0,172
31.0,173
31.0,221
31.0,222
31.0,223
31.0,224
31.0,233
31.0,234
31.0,235
31.0,236
31.0,237
31.0,238
31.0,239
31.0,240
31.0,258
31.0,264
31.0,265
32.0,9
32.0,10
32.0,11
32.0,12
32.0,13
32.0,14
32.0,15
32.0,16
32.0,33
32.0,34
32.0,35
32.0,36
32.0,37
32.0,38
32.0,39
32.0,40
32.0,57
32.0,58
32.0,59
32.0,60
32.0,61
32.0,62
32.0,63
32.0,64
32.0,73
32.0,74
32.0,75
32.0,76
32.0,77
32.0,78
32.0,79
32.0,80
32.0,105
32.0,106
32.0,107
32.0,108
32.0,109
32.0,110
32.0,111
32.0,112
32.0,113
32.0,114
32.0,115
32.0,116
32.0,117
32.0,118
32.0,119
32.0,120
32.0,129
32.0,130
32.0,131
32.0,132
32.0,133
32.0,134
32.0,135
32.0,136
32.0,145
32.0,146
32.0,147
32.0,148
32.0,149
32.0,150
32.0,151
32.0,152
32.0,185
32.0,186
32.0,187
32.0,188
32.0,189
32.0,190
32.0,191
32.0,192
32.0,201
32.0,202
32.0,203
32.0,204
32.0,205
32.0,206
32.0,207
32.0,208
32.0,249
32.0,250
32.0,251
32.0,252
32.0,253
32.0,254
32.0,255
32.0,256
32.0,257
32.0,258
32.0,259
32.0,260
32.0,261
32.0,262
32.0,263
32.0,264
32.0,265
32.0,266
32.0,267
32.0,268
32.0,269
32.0,270
32.0,293
32.0,294
32.0,295
32.0,296
33.0,39
33.0,40
33.0,41
33.0,72
33.0,121
33.0,122
33.0,123
33.0,124
33.0,125
33.0,126
33.0,127
33.0,128
33.0,129
33.0,130
33.0,131
33.0,132
33.0,133
33.0,134
33.0,135
33.0,136
33.0,199
33.0,200
33.0,217
33.0,249
33.0,250
33.0,251
33.0,252
33.0,253
33.0,254
33.0,255
33.0,264
33.0,265
33.0,266
33.0,267
34.0,1
34.0,2
34.0,3
34.0,4
34.0,5
34.0,6
34.0,41
34.0,42
34.0,43
34.0,44
34.0,45
34.0,61
34.0,65
34.0,66
34.0,67
34.0,68
34.0,69
34.0,70
34.0,71
34.0,72
34.0,104
34.0,105
34.0,106
34.0,107
34.0,108
34.0,109
34.0,110
34.0,111
34.0,112
34.0,129
34.0,130
34.0,131
34.0,132
34.0,133
34.0,134
34.0,135
34.0,136
34.0,145
34.0,146
34.0,147
34.0,148
34.0,149
34.0,213
34.0,217
34.0,218
34.0,219
34.0,220
34.0,221
34.0,222
34.0,223
34.0,224
34.0,225
34.0,226
34.0,227
34.0,228
34.0,229
34.0,230
34.0,231
34.0,232
34.0,249
34.0,250
34.0,251
34.0,252
34.0,253
34.0,254
34.0,255
34.0,256
34.0,257
34.0,258
34.0,259
34.0,260
34.0,261
34.0,262
34.0,263
35.0,1
35.0,2
35.0,3
35.0,4
35.0,5
35.0,6
35.0,25
35.0,26
35.0,27
35.0,28
35.0,29
35.0,33
35.0,34
35.0,35
35.0,36
35.0,37
35.0,38
35.0,39
35.0,40
35.0,57
35.0,58
35.0,59
35.0,60
35.0,61
35.0,62
35.0,63
35.0,64
35.0,65
35.0,66
35.0,67
35.0,68
35.0,69
35.0,70
35.0,71
35.0,72
35.0,73
35.0,74
35.0,75
35.0,76
35.0,77
35.0,78
35.0,79
35.0,80
35.0,97
35.0,98
35.0,99
35.0,100
35.0,101
35.0,102
35.0,103
35.0,104
35.0,121
35.0,122
35.0,123
35.0,124
35.0,125
35.0,126
35.0,127
35.0,128
35.0,137
35.0,138
35.0,139
35.0,140
35.0,141
35.0,142
35.0,143
35.0,144
35.0,145
35.0,157
35.0,158
35.0,159
35.0,160
35.0,175
35.0,176
35.0,177
35.0,178
35.0,179
35.0,180
35.0,181
35.0,182
35.0,183
35.0,184
35.0,213
35.0,214
35.0,215
35.0,216
35.0,225
35.0,226
35.0,227
35.0,228
35.0,229
35.0,230
35.0,231
35.0,232
35.0,271
35.0,272
35.0,273
35.0,274
61.0,14
61.0,15
61.0,16
61.0,22
61.0,23
61.0,24
61.0,57
61.0,58
61.0,59
61.0,60
61.0,61
61.0,62
61.0,63
61.0,64
61.0,65
61.0,66
61.0,67
61.0,68
61.0,69
61.0,70
61.0,71
61.0,72
61.0,145
61.0,146
61.0,147
61.0,148
61.0,149
61.0,150
61.0,151
61.0,152
61.0,185
61.0,186
61.0,187
61.0,188
61.0,189
61.0,190
61.0,191
61.0,192
61.0,225
61.0,226
61.0,227
61.0,228
61.0,229
61.0,230
61.0,231
61.0,232
62.0,1
62.0,2
62.0,3
62.0,4
62.0,5
62.0,6
62.0,7
62.0,8
62.0,9
62.0,10
62.0,11
62.0,12
62.0,13
62.0,14
62.0,15
62.0,16
62.0,17
62.0,18
62.0,19
62.0,20
62.0,21
62.0,22
62.0,23
62.0,24
62.0,25
62.0,26
62.0,27
62.0,28
62.0,29
62.0,30
62.0,31
62.0,32
62.0,41
62.0,42
62.0,43
62.0,44
62.0,45
62.0,46
62.0,47
62.0,48
62.0,129
62.0,130
62.0,201
62.0,202
62.0,203
62.0,204
62.0,205
62.0,206
62.0,207
62.0,208
62.0,217
62.0,218
62.0,219
62.0,220
62.0,221
62.0,240
63.0,17
63.0,18
63.0,19
63.0,20
63.0,21
63.0,22
63.0,23
63.0,24
63.0,25
63.0,26
63.0,27
63.0,28
63.0,29
63.0,30
63.0,31
63.0,32
63.0,81
63.0,82
63.0,83
63.0,84
63.0,85
63.0,86
63.0,87
63.0,88
63.0,105
63.0,106
63.0,107
63.0,108
63.0,109
63.0,110
63.0,111
63.0,112
63.0,113
63.0,114
63.0,115
63.0,116
63.0,117
63.0,118
63.0,119
63.0,120
63.0,137
63.0,138
63.0,139
63.0,140
63.0,141
63.0,142
63.0,143
63.0,144
63.0,209
63.0,210
63.0,211
63.0,212
63.0,213
63.0,214
63.0,215
63.0,216
63.0,281
63.0,282
63.0,283
63.0,284
63.0,285
63.0,286
63.0,287
63.0,288
63.0,289
63.0,290
63.0,291
63.0,292
64.0,25
64.0,26
64.0,27
64.0,28
64.0,29
64.0,30
64.0,31
64.0,32
64.0,53
64.0,54
64.0,55
64.0,56
65.0,25
65.0,26
65.0,27
65.0,28
65.0,29
66.0,1
66.0,2
66.0,3
66.0,4
66.0,5
66.0,6
66.0,7
66.0,8
66.0,9
66.0,10
66.0,11
66.0,12
66.0,13
66.0,14
66.0,15
66.0,16
66.0,17
66.0,18
66.0,19
66.0,20
66.0,21
66.0,22
66.0,23
66.0,24
66.0,49
66.0,94
66.0,95
66.0,96
66.0,105
66.0,106
66.0,107
66.0,108
66.0,109
66.0,110
66.0,111
66.0,145
66.0,146
66.0,147
66.0,148
66.0,149
66.0,150
66.0,151
66.0,152
66.0,153
66.0,154
66.0,155
66.0,156
66.0,157
66.0,158
66.0,161
66.0,162
66.0,163
66.0,164
66.0,165
66.0,166
66.0,167
66.0,168
66.0,193
66.0,194
66.0,195
66.0,196
66.0,197
66.0,198
66.0,199
66.0,200
66.0,220
66.0,221
66.0,222
66.0,223
66.0,233
66.0,234
66.0,235
66.0,236
66.0,237
66.0,238
66.0,239
66.0,240
66.0,264
66.0,265
66.0,266
66.0,267
66.0,268
66.0,269
66.0,270
66.0,275
66.0,276
66.0,277
66.0,278
66.0,279
66.0,280
67.0,1
67.0,2
67.0,3
67.0,4
67.0,5
67.0,6
67.0,26
67.0,27
67.0,28
67.0,29
67.0,65
67.0,66
67.0,67
67.0,68
67.0,69
67.0,70
67.0,71
67.0,72
67.0,145
67.0,146
67.0,147
67.0,148
67.0,149
67.0,150
67.0,151
67.0,152
67.0,169
67.0,170
67.0,171
67.0,172
67.0,173
67.0,174
67.0,175
67.0,176
67.0,209
67.0,210
67.0,211
67.0,212
67.0,213
67.0,214
67.0,215
67.0,216
67.0,217
67.0,218
67.0,219
67.0,220
67.0,221
67.0,222
67.0,223
67.0,224
68.0,1
68.0,2
68.0,3
68.0,4
68.0,5
68.0,6
68.0,49
68.0,50
68.0,51
68.0,52
68.0,53
68.0,54
68.0,55
68.0,56
68.0,81
68.0,82
68.0,83
68.0,84
68.0,85
68.0,86
68.0,87
68.0,88
68.0,145
68.0,146
68.0,147
68.0,148
68.0,149
68.0,150
68.0,151
68.0,152
68.0,222
68.0,223
68.0,224
69.0,9
69.0,10
69.0,11
69.0,12
69.0,13
69.0,14
69.0,15
69.0,16
69.0,17
69.0,18
69.0,19
69.0,20
69.0,21
69.0,22
69.0,23
69.0,24
69.0,25
69.0,26
69.0,27
69.0,28
69.0,29
69.0,30
69.0,31
69.0,32
69.0,47
69.0,93
69.0,94
69.0,95
69.0,96
69.0,129
69.0,130
69.0,131
69.0,132
69.0,133
69.0,134
69.0,135
69.0,136
69.0,174
69.0,175
69.0,176
69.0,193
69.0,194
69.0,195
69.0,196
69.0,197
69.0,198
69.0,199
69.0,200
69.0,209
69.0,210
69.0,211
69.0,212
69.0,213
69.0,214
69.0,215
69.0,216
69.0,238
69.0,239
69.0,240
71.0,1
71.0,2
71.0,3
71.0,4
71.0,5
71.0,6
71.0,17
71.0,18
71.0,19
71.0,20
71.0,21
71.0,22
71.0,23
71.0,24
71.0,25
71.0,26
71.0,27
71.0,28
71.0,29
71.0,30
71.0,31
71.0,32
71.0,49
71.0,50
71.0,51
71.0,52
71.0,53
71.0,54
71.0,55
71.0,56
71.0,81
71.0,82
71.0,83
71.0,84
71.0,85
71.0,86
71.0,87
71.0,88
71.0,145
71.0,146
71.0,147
71.0,148
71.0,149
71.0,150
71.0,151
71.0,152
71.0,161
71.0,162
71.0,163
71.0,164
71.0,165
71.0,166
71.0,167
71.0,168
71.0,169
71.0,170
71.0,171
71.0,172
71.0,173
71.0,174
71.0,175
71.0,176
71.0,177
71.0,178
71.0,179
71.0,180
71.0,181
71.0,182
71.0,183
71.0,184
71.0,233
71.0,234
71.0,235
71.0,236
71.0,237
71.0,238
71.0,239
71.0,240
71.0,258
71.0,259
71.0,260
71.0,261
71.0,262
71.0,263
72.0,25
72.0,26
72.0,27
72.0,28
72.0,29
72.0,30
72.0,31
72.0,32
72.0,41
72.0,42
72.0,43
72.0,44
72.0,45
72.0,57
72.0,58
72.0,59
72.0,60
72.0,61
72.0,62
72.0,63
72.0,64
72.0,260
72.0,261
72.0,262
72.0,263
72.0,264
72.0,265
72.0,266
72.0,267
72.0,268
72.0,269
72.0,270
73.0,233
73.0,234
73.0,235
73.0,236
73.0,237
73.0,238
73.0,239
74.0,25
74.0,26
74.0,27
74.0,28
74.0,29
74.0,30
74.0,31
74.0,32
74.0,33
74.0,34
74.0,35
74.0,36
74.0,37
74.0,38
74.0,39
74.0,40
74.0,41
74.0,42
74.0,43
74.0,44
74.0,45
74.0,46
74.0,47
74.0,48
74.0,57
74.0,58
74.0,59
74.0,60
74.0,61
74.0,62
74.0,63
74.0,64
74.0,65
74.0,66
74.0,67
74.0,68
74.0,69
74.0,70
74.0,71
74.0,72
74.0,73
74.0,74
74.0,75
74.0,76
74.0,77
74.0,78
74.0,79
74.0,80
74.0,86
74.0,87
74.0,88
74.0,145
74.0,146
74.0,147
74.0,148
74.0,149
74.0,150
74.0,151
74.0,152
74.0,161
74.0,162
74.0,163
74.0,164
74.0,165
74.0,166
74.0,167
74.0,168
74.0,238
74.0,239
74.0,240
75.0,25
75.0,26
75.0,27
75.0,28
75.0,29
75.0,30
75.0,31
75.0,32
75.0,65
75.0,66
75.0,67
75.0,68
75.0,69
75.0,70
75.0,71
75.0,72
75.0,129
75.0,130
75.0,131
75.0,132
75.0,133
75.0,134
75.0,135
75.0,136
75.0,149
75.0,150
75.0,151
75.0,152
75.0,166
75.0,167
75.0,168
75.0,177
75.0,178
75.0,179
75.0,180
75.0,181
75.0,182
75.0,183
75.0,184
75.0,185
75.0,186
75.0,187
75.0,188
75.0,189
75.0,190
75.0,191
75.0,192
75.0,215
75.0,216
76.0,1
76.0,2
76.0,3
76.0,4
76.0,5
76.0,6
76.0,150
76.0,151
76.0,152
77.0,1
77.0,2
77.0,3
77.0,4
77.0,5
77.0,6
77.0,25
77.0,26
77.0,27
77.0,28
77.0,29
77.0,30
77.0,31
77.0,32
77.0,64
77.0,65
77.0,66
77.0,67
77.0,68
77.0,69
77.0,70
77.0,71
77.0,72
77.0,81
77.0,82
77.0,83
77.0,84
77.0,85
77.0,86
77.0,87
77.0,88
77.0,89
77.0,90
77.0,91
77.0,92
77.0,93
77.0,94
77.0,95
77.0,96
77.0,114
77.0,115
77.0,258
77.0,259
77.0,260
77.0,261
77.0,262
77.0,263
77.0,264
77.0,265
77.0,266
77.0,297
77.0,298
77.0,299
77.0,300
77.0,301
77.0,302
78.0,9
78.0,10
78.0,11
78.0,12
78.0,13
78.0,14
78.0,15
78.0,16
78.0,17
78.0,18
78.0,19
78.0,20
78.0,21
78.0,22
78.0,23
78.0,24
78.0,81
78.0,82
78.0,83
78.0,84
78.0,85
78.0,86
78.0,87
78.0,88
78.0,89
78.0,90
78.0,91
78.0,92
78.0,93
78.0,94
78.0,95
78.0,96
78.0,161
78.0,162
78.0,163
78.0,164
78.0,165
78.0,166
78.0,167
78.0,168
78.0,169
78.0,170
78.0,171
78.0,172
78.0,173
78.0,174
78.0,175
78.0,176
78.0,177
78.0,178
78.0,179
78.0,180
78.0,181
78.0,182
78.0,183
78.0,184
78.0,264
78.0,265
78.0,266
78.0,267
78.0,268
78.0,269
78.0,270
78.0,271
78.0,272
79.0,1
79.0,2
79.0,3
79.0,4
79.0,5
79.0,6
79.0,81
79.0,82
79.0,83
79.0,84
79.0,85
79.0,86
79.0,87
79.0,88
79.0,97
79.0,98
79.0,99
79.0,100
79.0,101
79.0,102
79.0,103
79.0,104
79.0,145
79.0,146
79.0,147
79.0,148
79.0,149
79.0,150
79.0,151
79.0,152
79.0,169
79.0,170
79.0,171
79.0,172
79.0,173
79.0,174
79.0,175
79.0,176
79.0,193
79.0,194
79.0,209
79.0,210
79.0,211
79.0,212
79.0,213
79.0,214
79.0,215
79.0,216
79.0,217
79.0,218
79.0,219
79.0,220
79.0,221
79.0,222
79.0,223
79.0,224
79.0,241
79.0,242
79.0,243
79.0,244
79.0,245
79.0,246
79.0,247
79.0,248
80.0,81
80.0,82
80.0,83
80.0,84
80.0,85
80.0,193
80.0,194
80.0,195
80.0,196
80.0,197
80.0,198
80.0,199
80.0,200
80.0,256
80.0,257
80.0,258
80.0,259
80.0,260
80.0,261
80.0,262
81.0,25
81.0,26
81.0,27
81.0,28
81.0,29
81.0,30
81.0,31
81.0,32
81.0,41
81.0,42
81.0,43
81.0,44
81.0,45
81.0,46
81.0,47
81.0,48
81.0,55
81.0,56
81.0,81
81.0,82
81.0,83
81.0,84
81.0,85
81.0,86
81.0,87
81.0,88
81.0,89
81.0,90
81.0,91
81.0,92
81.0,93
81.0,94
81.0,95
81.0,96
81.0,150
81.0,151
81.0,152
81.0,167
81.0,168
81.0,169
81.0,177
81.0,178
81.0,179
81.0,180
81.0,181
81.0,182
81.0,183
81.0,184
81.0,217
81.0,218
81.0,219
81.0,220
81.0,221
81.0,222
81.0,223
81.0,235
81.0,236
81.0,237
81.0,238
81.0,239
81.0,240
81.0,262
81.0,263
82.0,153
82.0,154
82.0,155
82.0,156
82.0,157
82.0,158
82.0,159
82.0,160
82.0,177
82.0,178
82.0,179
82.0,180
82.0,181
82.0,182
82.0,183
82.0,184
82.0,193
82.0,194
82.0,195
82.0,196
82.0,197
82.0,198
82.0,199
82.0,200
82.0,280
82.0,297
82.0,298
82.0,299
82.0,300
82.0,301
82.0,302
83.0,1
83.0,2
83.0,3
83.0,4
83.0,5
83.0,6
83.0,25
83.0,26
83.0,27
83.0,28
83.0,29
83.0,30
83.0,31
83.0,32
83.0,41
83.0,42
83.0,43
83.0,44
83.0,45
83.0,145
83.0,146
83.0,147
83.0,148
83.0,149
83.0,150
83.0,151
83.0,152
83.0,209
83.0,210
83.0,211
83.0,212
83.0,213
83.0,214
83.0,215
83.0,216
83.0,233
83.0,234
83.0,235
83.0,236
83.0,237
83.0,238
83.0,239
84.0,161
84.0,162
84.0,163
84.0,164
84.0,165
84.0,166
84.0,167
84.0,168
84.0,169
84.0,170
84.0,171
84.0,172
84.0,173
84.0,174
84.0,175
84.0,176
84.0,209
84.0,210
84.0,211
84.0,212
84.0,213
84.0,214
84.0,215
84.0,216
84.0,217
84.0,218
84.0,219
84.0,220
84.0,221
84.0,222
84.0,223
84.0,224
84.0,237
84.0,238
84.0,239
84.0,240
85.0,1
85.0,2
85.0,3
85.0,4
85.0,5
85.0,6
85.0,25
85.0,26
85.0,27
85.0,28
85.0,29
85.0,30
85.0,31
85.0,32
85.0,145
85.0,146
85.0,147
85.0,148
85.0,149
85.0,150
85.0,151
85.0,152
85.0,161
85.0,162
85.0,163
85.0,164
85.0,165
85.0,166
85.0,167
85.0,168
85.0,169
85.0,170
85.0,171
85.0,172
85.0,173
85.0,174
85.0,175
85.0,176
85.0,215
85.0,216
85.0,217
85.0,218
85.0,219
85.0,220
85.0,221
85.0,222
85.0,223
85.0,224
