pid,measure,feature,feature_value,guideline_value,difference,critical_score
53.0,1.0,1.0,0.5040746233286533,0.6666666666666666,-0.16259204333801336,1.0
53.0,1.0,6.0,0.3593261475293439,0.3333333333333333,0.025992814196010572,1.0
53.0,1.0,9.0,0.8630068424221053,0.3333333333333333,0.5296735090887721,1.0
53.0,1.0,11.0,0.12276620736815234,0.6666666666666666,-0.5439004592985143,1.0
53.0,1.0,12.0,-0.9914884453525128,0.0,-0.9914884453525128,1.0
53.0,1.0,13.0,-0.23694590578411234,1.0,-1.2369459057841123,2.0
53.0,1.0,15.0,0.2910015193393358,1.0,-0.7089984806606642,1.0
53.0,1.0,18.0,0.2831395686659617,1.0,-0.7168604313340383,1.0
53.0,1.0,19.0,-0.30924409304973943,1.0,-1.3092440930497395,1.0
53.0,2.0,1.0,0.502930747934905,0.6666666666666666,-0.16373591873176163,1.0
53.0,2.0,6.0,0.3685828599065961,0.3333333333333333,0.0352495265732628,1.0
53.0,2.0,9.0,0.8611183863140248,0.3333333333333333,0.5277850529806916,1.0
53.0,2.0,11.0,0.12093314474160932,0.6666666666666666,-0.5457335219250573,1.0
53.0,2.0,12.0,-0.9854689049556912,0.0,-0.9854689049556912,1.0
53.0,2.0,13.0,-0.2301853621686409,1.0,-1.230185362168641,2.0
53.0,2.0,15.0,0.2891301428880626,1.0,-0.7108698571119374,1.0
53.0,2.0,18.0,0.2680406904358943,1.0,-0.7319593095641057,1.0
53.0,2.0,19.0,-0.3192915473759387,1.0,-1.3192915473759386,1.0
53.0,3.0,1.0,0.4962260594133172,0.6666666666666666,-0.17044060725334942,1.0
53.0,3.0,9.0,0.8636990301351508,0.3333333333333333,0.5303656968018176,1.0
53.0,3.0,11.0,0.1312079431482851,0.6666666666666666,-0.5354587235183815,1.0
53.0,3.0,13.0,-0.2269695397592195,1.0,-1.2269695397592195,1.0
53.0,3.0,15.0,0.3020555193863048,1.0,-0.6979444806136952,1.0
53.0,3.0,18.0,0.2709703131907055,1.0,-0.7290296868092945,1.0
53.0,3.0,19.0,-0.3214659723324562,1.0,-1.3214659723324562,1.0
53.0,4.0,1.0,0.5026343928086798,0.6666666666666666,-0.1640322738579868,1.0
53.0,4.0,9.0,0.8625669258562291,0.3333333333333333,0.5292335925228957,1.0
53.0,4.0,11.0,0.12412750217693502,0.6666666666666666,-0.5425391644897316,1.0
53.0,4.0,13.0,-0.2249024396731808,1.0,-1.2249024396731807,1.0
53.0,4.0,15.0,0.30634112840791805,1.0,-0.693658871592082,1.0
53.0,4.0,18.0,0.2877471522990112,1.0,-0.7122528477009888,1.0
53.0,4.0,19.0,-0.2992501857556932,1.0,-1.2992501857556933,1.0
53.0,5.0,1.0,0.5217149083304238,0.6666666666666666,-0.14495175833624285,1.0
53.0,5.0,4.0,-0.8305618416578484,-0.3333333333333333,-0.4972285083245151,1.0
53.0,5.0,9.0,0.8754837625260674,0.3333333333333333,0.5421504291927342,1.0
53.0,5.0,10.0,0.982091749031292,0.3333333333333333,0.6487584156979587,2.0
53.0,5.0,11.0,0.11206441754129216,0.6666666666666666,-0.5546022491253745,1.0
53.0,5.0,12.0,-0.9734810631324702,0.6666666666666666,-1.640147729799137,2.0
53.0,5.0,13.0,-0.22015129460048002,0.7777777777777777,-0.9979290723782577,3.0
53.0,5.0,15.0,0.2880538937030248,-0.11111111111111108,0.39916500481413586,3.0
53.0,5.0,16.0,-0.9186837539400776,0.6666666666666666,-1.5853504206067441,2.0
53.0,5.0,17.0,-0.12034285795397605,0.6666666666666666,-0.7870095246206427,2.0
53.0,5.0,18.0,0.26215697947192584,0.7777777777777777,-0.5156207983058518,3.0
53.0,5.0,19.0,-0.2793203035170417,1.0,-1.2793203035170417,1.0
53.0,6.0,1.0,0.5069723948315801,0.6666666666666666,-0.15969427183508655,1.0
53.0,6.0,4.0,-0.8371343936453519,-0.3333333333333333,-0.5038010603120187,1.0
53.0,6.0,9.0,0.8750415378984606,0.3333333333333333,0.5417082045651274,1.0
53.0,6.0,10.0,0.9726887055403116,0.3333333333333333,0.6393553722069782,2.0
53.0,6.0,11.0,0.12096638083053167,0.6666666666666666,-0.545700285836135,1.0
53.0,6.0,12.0,-0.9916228899483276,0.6666666666666666,-1.6582895566149942,2.0
53.0,6.0,13.0,-0.21999134592254066,0.7777777777777777,-0.9977691237003183,3.0
53.0,6.0,15.0,0.2945252371836362,-0.11111111111111108,0.40563634829474726,3.0
53.0,6.0,16.0,-0.9117486054546771,0.6666666666666666,-1.5784152721213438,2.0
53.0,6.0,17.0,-0.11105798722360892,0.6666666666666666,-0.7777246538902756,2.0
53.0,6.0,18.0,0.2655011301135757,0.7777777777777777,-0.512276647664202,3.0
53.0,6.0,19.0,-0.2912689082908405,1.0,-1.2912689082908404,1.0
53.0,7.0,1.0,0.5037081031258137,0.6666666666666666,-0.16295856354085292,2.0
53.0,7.0,4.0,-0.8445139594170044,0.3333333333333333,-1.1778472927503376,3.0
53.0,7.0,9.0,0.8693371633309692,0.3333333333333333,0.536003829997636,1.0
53.0,7.0,11.0,0.130998140336962,0.6666666666666666,-0.5356685263297046,1.0
53.0,7.0,13.0,-0.23397081421320565,1.0,-1.2339708142132055,1.0
53.0,7.0,15.0,0.3108582360211232,1.0,-0.6891417639788768,2.0
53.0,7.0,18.0,0.2705809431767319,1.0,-0.7294190568232681,1.0
53.0,7.0,19.0,-0.3016083324259765,1.0,-1.3016083324259764,1.0
53.0,8.0,1.0,0.5067432043017193,0.6666666666666666,-0.15992346236494737,2.0
53.0,8.0,4.0,-0.8454990401636787,,,3.0
53.0,8.0,5.0,0.996918968395653,,,1.0
53.0,8.0,9.0,0.8641851079356413,0.3333333333333333,0.530851774602308,1.0
53.0,8.0,11.0,0.13267933250162334,0.6666666666666666,-0.5339873341650433,1.0
53.0,8.0,13.0,-0.2353309549911229,1.0,-1.2353309549911229,1.0
53.0,8.0,15.0,0.3084156142914951,1.0,-0.6915843857085049,2.0
53.0,8.0,18.0,0.265578450181555,1.0,-0.734421549818445,1.0
53.0,8.0,19.0,-0.2978854288543145,1.0,-1.2978854288543145,1.0
53.0,9.0,1.0,0.5086609727937801,0.6666666666666666,-0.15800569387288654,1.0
53.0,9.0,4.0,-0.8436921740377792,,,3.0
53.0,9.0,5.0,0.9886348732317288,,,1.0
53.0,9.0,9.0,0.8627372608119566,0.3333333333333333,0.5294039274786233,1.0
53.0,9.0,10.0,0.977007089038501,-0.6,1.577007089038501,1.0
53.0,9.0,11.0,0.12514812707426226,0.6666666666666666,-0.5415185395924044,1.0
53.0,9.0,13.0,-0.2377581127071551,1.0,-1.237758112707155,1.0
53.0,9.0,15.0,0.29152775741394144,1.0,-0.7084722425860586,1.0
53.0,9.0,18.0,0.2732769900843937,1.0,-0.7267230099156063,1.0
53.0,9.0,19.0,-0.3110626148873794,1.0,-1.3110626148873794,1.0
53.0,10.0,1.0,0.4984134095155268,0.6666666666666666,-0.1682532571511398,1.0
53.0,10.0,4.0,-0.8468634508557975,,,3.0
53.0,10.0,5.0,0.9889464615653772,,,1.0
53.0,10.0,9.0,0.8649578470030885,0.3333333333333333,0.5316245136697553,1.0
53.0,10.0,11.0,0.12264688057667385,0.6666666666666666,-0.5440197860899928,1.0
53.0,10.0,13.0,-0.2336984629289796,1.0,-1.2336984629289796,1.0
53.0,10.0,15.0,0.2930619260463554,1.0,-0.7069380739536446,1.0
53.0,10.0,18.0,0.2672386389844668,1.0,-0.7327613610155332,1.0
53.0,10.0,19.0,-0.31677691412031195,1.0,-1.3167769141203118,1.0
53.0,11.0,1.0,0.5040711612360571,0.6666666666666666,-0.16259550543060952,1.0
53.0,11.0,4.0,-0.8526543777381904,,,1.0
53.0,11.0,5.0,0.9942420784003564,,,1.0
53.0,11.0,9.0,0.8676744356601538,0.3333333333333333,0.5343411023268205,1.0
53.0,11.0,11.0,0.13008045499282514,0.6666666666666666,-0.5365862116738415,1.0
53.0,11.0,13.0,-0.2351523110131647,1.0,-1.2351523110131648,1.0
53.0,11.0,15.0,0.30863718821764485,1.0,-0.6913628117823551,1.0
53.0,11.0,18.0,0.27547472646439153,1.0,-0.7245252735356085,1.0
53.0,11.0,19.0,-0.3100039069714947,1.0,-1.3100039069714948,1.0
53.0,12.0,1.0,0.5123210970863663,0.6666666666666666,-0.15434556958030032,1.0
53.0,12.0,9.0,0.8680347240963202,0.3333333333333333,0.534701390762987,1.0
53.0,12.0,11.0,0.12502603060870676,0.6666666666666666,-0.5416406360579599,1.0
53.0,12.0,13.0,-0.23179685086903434,1.0,-1.2317968508690345,1.0
53.0,12.0,15.0,0.3038142624251185,1.0,-0.6961857375748814,1.0
53.0,12.0,18.0,0.2704835429716952,1.0,-0.7295164570283048,1.0
53.0,12.0,19.0,-0.3021569586993703,1.0,-1.3021569586993702,1.0
53.0,13.0,1.0,0.5123824915284036,0.6666666666666666,-0.15428417513826298,1.0
53.0,13.0,9.0,0.8685408820338687,0.3333333333333333,0.5352075487005354,1.0
53.0,13.0,11.0,0.12097538227128155,0.6666666666666666,-0.5456912843953851,1.0
53.0,13.0,13.0,-0.22763103025124576,1.0,-1.2276310302512456,2.0
53.0,13.0,15.0,0.2955966394390395,1.0,-0.7044033605609605,2.0
53.0,13.0,18.0,0.27233114638714184,1.0,-0.7276688536128582,1.0
53.0,13.0,19.0,-0.3023801482687315,1.0,-1.3023801482687314,2.0
53.0,14.0,1.0,0.5068110613166026,0.6666666666666666,-0.15985560535006405,1.0
53.0,14.0,9.0,0.8696815261411937,0.3333333333333333,0.5363481928078604,1.0
53.0,14.0,11.0,0.1225213220185224,0.6666666666666666,-0.5441453446481442,1.0
53.0,14.0,13.0,-0.22657716926499605,1.0,-1.226577169264996,2.0
53.0,14.0,15.0,0.29401654037818403,1.0,-0.705983459621816,2.0
53.0,14.0,18.0,0.2550366090326341,1.0,-0.7449633909673659,1.0
53.0,14.0,19.0,-0.29518707388492205,1.0,-1.295187073884922,2.0
53.0,15.0,1.0,0.5108944841306042,0.6666666666666666,-0.1557721825360624,1.0
53.0,15.0,9.0,0.8655413250086164,0.3333333333333333,0.5322079916752831,1.0
53.0,15.0,11.0,0.11997229864310775,0.6666666666666666,-0.5466943680235589,1.0
53.0,15.0,13.0,-0.23827881143360696,1.0,-1.238278811433607,2.0
53.0,15.0,15.0,0.2937670389050924,1.0,-0.7062329610949076,2.0
53.0,15.0,18.0,0.2699787698711853,1.0,-0.7300212301288147,1.0
53.0,15.0,19.0,-0.2918034553876767,1.0,-1.2918034553876767,1.0
53.0,16.0,1.0,0.5078695384263139,0.6666666666666666,-0.15879712824035275,1.0
53.0,16.0,8.0,-0.7775314691234138,,,1.0
53.0,16.0,9.0,0.8609485129706433,0.3333333333333333,0.5276151796373101,1.0
53.0,16.0,11.0,0.12603003746157304,0.6666666666666666,-0.5406366292050936,1.0
53.0,16.0,13.0,-0.2349415849771493,1.0,-1.2349415849771492,2.0
53.0,16.0,15.0,0.29748163345452383,1.0,-0.7025183665454762,2.0
53.0,16.0,18.0,0.2743193107619899,1.0,-0.7256806892380101,1.0
53.0,16.0,19.0,-0.3120470032155335,1.0,-1.3120470032155336,1.0
53.0,17.0,1.0,0.508988255947197,0.6666666666666666,-0.15767841071946964,1.0
53.0,17.0,8.0,-0.7873526179969151,,,1.0
53.0,17.0,9.0,0.8705830550532154,0.3333333333333333,0.5372497217198822,1.0
53.0,17.0,11.0,0.12577615067119294,0.7333333333333334,-0.6075571826621404,2.0
53.0,17.0,12.0,-0.9886490678113729,-0.3333333333333333,-0.6553157344780396,1.0
53.0,17.0,13.0,-0.22316216112821285,1.0,-1.2231621611282129,1.0
53.0,17.0,15.0,0.29265293750767074,0.9,-0.6073470624923293,2.0
53.0,17.0,18.0,0.2666415434147278,1.0,-0.7333584565852722,1.0
53.0,17.0,19.0,-0.2965012842343977,1.0,-1.2965012842343977,1.0
53.0,18.0,1.0,0.5261138431830157,0.6666666666666666,-0.14055282348365095,1.0
53.0,18.0,8.0,-0.7791968510652195,,,1.0
53.0,18.0,9.0,0.876473921008549,0.3333333333333333,0.5431405876752158,1.0
53.0,18.0,11.0,0.11453565923638133,0.7333333333333334,-0.6187976740969521,2.0
53.0,18.0,13.0,-0.2293369186764258,1.0,-1.2293369186764258,1.0
53.0,18.0,15.0,0.2929543703697035,0.9,-0.6070456296302965,2.0
53.0,18.0,18.0,0.24465448575547974,1.0,-0.7553455142445202,1.0
53.0,18.0,19.0,-0.2660424859925176,1.0,-1.2660424859925177,1.0
53.0,19.0,1.0,0.515426132532713,0.6666666666666666,-0.15124053413395366,1.0
53.0,19.0,4.0,-0.8415790281202122,0.0,-0.8415790281202122,1.0
53.0,19.0,7.0,-0.4423837107620127,0.3333333333333333,-0.775717044095346,1.0
53.0,19.0,8.0,-0.7808256502285933,,,1.0
53.0,19.0,9.0,0.8679580964468601,0.3333333333333333,0.5346247631135268,1.0
53.0,19.0,11.0,0.13093120654677093,0.7333333333333334,-0.6024021267865625,2.0
53.0,19.0,13.0,-0.22571118450362734,1.0,-1.2257111845036273,1.0
53.0,19.0,15.0,0.28979347982947345,0.9,-0.6102065201705266,2.0
53.0,19.0,18.0,0.25296627766017243,1.0,-0.7470337223398276,1.0
53.0,19.0,19.0,-0.27907010962543105,1.0,-1.279070109625431,1.0
53.0,20.0,1.0,0.5043555144412826,0.6666666666666666,-0.16231115222538406,1.0
53.0,20.0,4.0,-0.8241338897377748,0.0,-0.8241338897377748,1.0
53.0,20.0,7.0,-0.4371577973913019,0.3333333333333333,-0.7704911307246352,1.0
53.0,20.0,9.0,0.8643831396321378,0.3333333333333333,0.5310498062988045,1.0
53.0,20.0,10.0,0.9677801506575754,,,1.0
53.0,20.0,11.0,0.11298117966073695,0.7333333333333334,-0.6203521536725964,2.0
53.0,20.0,13.0,-0.2286835064004571,1.0,-1.228683506400457,1.0
53.0,20.0,15.0,0.2861375100480026,0.9,-0.6138624899519974,2.0
53.0,20.0,18.0,0.3058132746901008,1.0,-0.6941867253098992,1.0
53.0,20.0,19.0,-0.29591872945356235,1.0,-1.2959187294535623,1.0
53.0,21.0,1.0,0.5101475953545411,0.6666666666666666,-0.1565190713121255,1.0
53.0,21.0,9.0,0.8706363712791954,0.3333333333333333,0.5373030379458621,1.0
53.0,21.0,10.0,0.9752384213342457,,,1.0
53.0,21.0,11.0,0.1186333920331133,0.7333333333333334,-0.6146999413002201,3.0
53.0,21.0,13.0,-0.21743078223847254,1.0,-1.2174307822384725,1.0
53.0,21.0,15.0,0.2939182169484551,0.9,-0.6060817830515449,2.0
53.0,21.0,18.0,0.28006361479742226,1.0,-0.7199363852025777,1.0
53.0,21.0,19.0,-0.30892811939880305,1.0,-1.3089281193988032,1.0
53.0,22.0,1.0,0.5007487063746761,0.6666666666666666,-0.16591796029199057,1.0
53.0,22.0,9.0,0.8817676913941437,0.3333333333333333,0.5484343580608104,1.0
53.0,22.0,10.0,0.9801331278465976,,,1.0
53.0,22.0,11.0,0.11963601404894098,0.7333333333333334,-0.6136973192843924,4.0
53.0,22.0,13.0,-0.22224193691617225,1.0,-1.2222419369161723,1.0
53.0,22.0,15.0,0.3000881275670335,0.9,-0.5999118724329665,2.0
53.0,22.0,18.0,0.2770815990413236,1.0,-0.7229184009586764,1.0
53.0,22.0,19.0,-0.29223944824861103,1.0,-1.292239448248611,1.0
53.0,23.0,1.0,0.5206086543428865,0.6666666666666666,-0.14605801232378013,1.0
53.0,23.0,9.0,0.8768833711595799,0.3333333333333333,0.5435500378262466,1.0
53.0,23.0,10.0,0.9866492477247848,,,1.0
53.0,23.0,11.0,0.12563443568092647,0.7333333333333334,-0.6076988976524069,5.0
53.0,23.0,13.0,-0.2263689820968845,1.0,-1.2263689820968846,1.0
53.0,23.0,15.0,0.2844401614512262,0.9,-0.6155598385487738,2.0
53.0,23.0,18.0,0.2598636893362758,1.0,-0.7401363106637242,1.0
53.0,23.0,19.0,-0.27503954142506304,1.0,-1.275039541425063,1.0
53.0,24.0,1.0,0.5041927960892663,0.6666666666666666,-0.16247387057740037,1.0
53.0,24.0,9.0,0.8697288414066735,0.3333333333333333,0.5363955080733402,1.0
53.0,24.0,11.0,0.13355593434695326,0.7333333333333334,-0.5997773989863802,5.0
53.0,24.0,13.0,-0.23201542431493405,1.0,-1.232015424314934,1.0
53.0,24.0,15.0,0.29052975152157523,0.9,-0.6094702484784248,2.0
53.0,24.0,18.0,0.2708493707560153,1.0,-0.7291506292439847,1.0
53.0,24.0,19.0,-0.303420160884597,1.0,-1.303420160884597,1.0
53.0,25.0,1.0,0.4906763249817852,-0.3333333333333333,0.8240096583151185,3.0
53.0,25.0,6.0,0.3715060200885614,1.0,-0.6284939799114386,1.0
53.0,25.0,9.0,0.8791180365272695,0.3333333333333333,0.5457847031939362,1.0
53.0,25.0,11.0,0.1257403757143667,0.6666666666666666,-0.5409262909522999,3.0
53.0,25.0,13.0,-0.22061175291576,1.0,-1.22061175291576,1.0
53.0,25.0,15.0,0.2885803625838035,1.0,-0.7114196374161965,1.0
53.0,25.0,18.0,0.3047000965173714,1.0,-0.6952999034826286,1.0
53.0,25.0,19.0,-0.3097797941774412,1.0,-1.3097797941774412,1.0
53.0,26.0,1.0,0.5122022319072339,-0.3333333333333333,0.8455355652405672,3.0
53.0,26.0,6.0,0.3592707540478066,1.0,-0.6407292459521934,1.0
53.0,26.0,9.0,0.8814427163024574,0.3333333333333333,0.5481093829691241,1.0
53.0,26.0,11.0,0.11702675026235455,0.6666666666666666,-0.5496399164043121,2.0
53.0,26.0,13.0,-0.22790361234164455,1.0,-1.2279036123416445,1.0
53.0,26.0,15.0,0.2923542743197152,1.0,-0.7076457256802848,1.0
53.0,26.0,18.0,0.2884157977824027,1.0,-0.7115842022175973,1.0
53.0,26.0,19.0,-0.2766378741735913,1.0,-1.2766378741735913,1.0
53.0,27.0,1.0,0.5137790996816665,0.6666666666666666,-0.15288756698500017,1.0
53.0,27.0,6.0,0.3562765055645354,1.0,-0.6437234944354646,1.0
53.0,27.0,9.0,0.8661213409215478,0.3333333333333333,0.5327880075882145,1.0
53.0,27.0,11.0,0.12407972529910882,0.6666666666666666,-0.5425869413675578,2.0
53.0,27.0,13.0,-0.2364909868169861,1.0,-1.2364909868169862,1.0
53.0,27.0,15.0,0.3028838827414626,1.0,-0.6971161172585374,1.0
53.0,27.0,18.0,0.2561724062103248,1.0,-0.7438275937896752,1.0
53.0,27.0,19.0,-0.29268605819350657,1.0,-1.2926860581935067,1.0
53.0,28.0,1.0,0.5059097632107539,0.6666666666666666,-0.16075690345591276,1.0
53.0,28.0,6.0,0.36450336079753703,1.0,-0.635496639202463,1.0
53.0,28.0,9.0,0.8618011109739738,0.3333333333333333,0.5284677776406406,1.0
53.0,28.0,11.0,0.12990758116919365,0.6666666666666666,-0.536759085497473,3.0
53.0,28.0,13.0,-0.23332548015329505,1.0,-1.2333254801532951,1.0
53.0,28.0,15.0,0.30742453258432123,1.0,-0.6925754674156788,1.0
53.0,28.0,18.0,0.26209396938667706,1.0,-0.7379060306133229,1.0
53.0,28.0,19.0,-0.30551011078176993,1.0,-1.30551011078177,1.0
53.0,29.0,1.0,0.4992253856323965,0.6666666666666666,-0.16744128103427014,1.0
53.0,29.0,6.0,0.3616145907353594,1.0,-0.6383854092646406,1.0
53.0,29.0,8.0,-0.7826222454797906,,,1.0
53.0,29.0,9.0,0.8637622710265722,0.3333333333333333,0.530428937693239,1.0
53.0,29.0,10.0,0.9732728759643589,,,1.0
53.0,29.0,11.0,0.1272355381035315,0.6666666666666666,-0.5394311285631351,4.0
53.0,29.0,13.0,-0.2339738146934557,1.0,-1.2339738146934558,1.0
53.0,29.0,15.0,0.28840725795399913,1.0,-0.7115927420460009,1.0
53.0,29.0,18.0,0.2976390432645595,1.0,-0.7023609567354405,1.0
53.0,29.0,19.0,-0.3016120253247457,1.0,-1.3016120253247456,1.0
53.0,30.0,1.0,0.4766320001564866,0.6666666666666666,-0.19003466651018003,1.0
53.0,30.0,6.0,0.4024259690642409,1.0,-0.5975740309357591,1.0
53.0,30.0,8.0,-0.7897388076172269,,,1.0
53.0,30.0,9.0,0.8673852355252938,0.3333333333333333,0.5340519021919605,1.0
53.0,30.0,10.0,0.981065353979638,,,1.0
53.0,30.0,11.0,0.1285252829986614,0.6666666666666666,-0.5381413836680052,4.0
53.0,30.0,13.0,-0.21545623542783587,1.0,-1.215456235427836,1.0
53.0,30.0,15.0,0.2997587671580588,1.0,-0.7002412328419412,1.0
53.0,30.0,18.0,0.2869767212932948,1.0,-0.7130232787067052,1.0
53.0,30.0,19.0,-0.3342177825885477,1.0,-1.3342177825885477,1.0
53.0,31.0,1.0,0.4899949851588745,0.6666666666666666,-0.1766716815077921,1.0
53.0,31.0,6.0,0.4061444873186144,1.0,-0.5938555126813856,1.0
53.0,31.0,8.0,-0.7977959049099337,,,1.0
53.0,31.0,9.0,0.8676682038934809,0.3333333333333333,0.5343348705601476,1.0
53.0,31.0,10.0,0.9783815397991492,,,1.0
53.0,31.0,11.0,0.14026339254261802,0.6666666666666666,-0.5264032741240486,3.0
53.0,31.0,13.0,-0.20969092803065426,1.0,-1.2096909280306543,1.0
53.0,31.0,15.0,0.3049011286941177,1.0,-0.6950988713058823,1.0
53.0,31.0,18.0,0.2883694057416151,1.0,-0.7116305942583849,1.0
53.0,31.0,19.0,-0.3275278656620366,1.0,-1.3275278656620366,1.0
53.0,32.0,1.0,0.4882678625657719,0.6666666666666666,-0.1783988041008947,1.0
53.0,32.0,6.0,0.3887103122293978,1.0,-0.6112896877706022,1.0
53.0,32.0,8.0,-0.7844568083464589,,,1.0
53.0,32.0,9.0,0.8707192306953284,0.3333333333333333,0.5373858973619952,1.0
53.0,32.0,10.0,0.9879833074051451,,,1.0
53.0,32.0,11.0,0.12791780115113416,0.6666666666666666,-0.5387488655155325,2.0
53.0,32.0,13.0,-0.2247544929162412,1.0,-1.2247544929162413,1.0
53.0,32.0,15.0,0.30263322723750563,1.0,-0.6973667727624944,1.0
53.0,32.0,18.0,0.28193199076844544,1.0,-0.7180680092315546,1.0
53.0,32.0,19.0,-0.3113063462061437,1.0,-1.3113063462061438,1.0
53.0,33.0,1.0,0.477011214698845,0.6666666666666666,-0.18965545196782163,1.0
53.0,33.0,6.0,0.3928590531903789,1.0,-0.6071409468096212,1.0
53.0,33.0,9.0,0.8615677659329972,0.3333333333333333,0.528234432599664,2.0
53.0,33.0,11.0,0.126782927198136,0.6666666666666666,-0.5398837394685306,1.0
53.0,33.0,13.0,-0.21143236060648707,1.0,-1.2114323606064872,1.0
53.0,33.0,15.0,0.3010323556210737,0.8333333333333333,-0.5323009777122596,2.0
53.0,33.0,18.0,0.3153231814392139,1.0,-0.6846768185607861,1.0
53.0,33.0,19.0,-0.3337457839646142,1.0,-1.333745783964614,2.0
53.0,34.0,1.0,0.47291348190211296,0.6666666666666666,-0.19375318476455367,1.0
53.0,34.0,6.0,0.39238082279977227,1.0,-0.6076191772002277,1.0
53.0,34.0,9.0,0.8694502583557748,0.3333333333333333,0.5361169250224416,2.0
53.0,34.0,11.0,0.13517688610044254,0.6666666666666666,-0.5314897805662241,2.0
53.0,34.0,13.0,-0.2129192139734212,1.0,-1.2129192139734213,1.0
53.0,34.0,15.0,0.291799416279648,0.8333333333333333,-0.5415339170536853,2.0
53.0,34.0,18.0,0.30581927565060085,1.0,-0.6941807243493991,1.0
53.0,34.0,19.0,-0.31279319957307783,1.0,-1.3127931995730777,2.0
53.0,35.0,1.0,0.4828450715294297,0.6666666666666666,-0.18382159513723695,1.0
53.0,35.0,6.0,0.3828023666172569,1.0,-0.6171976333827431,2.0
53.0,35.0,9.0,0.8704884245222557,0.3333333333333333,0.5371550911889225,2.0
53.0,35.0,11.0,0.1294762044317208,0.6666666666666666,-0.5371904622349458,4.0
53.0,35.0,13.0,-0.2069041742969745,1.0,-1.2069041742969744,1.0
53.0,35.0,15.0,0.2844288519487457,0.8333333333333333,-0.5489044813845876,2.0
53.0,35.0,18.0,0.2745579643449469,1.0,-0.725442035655053,1.0
53.0,35.0,19.0,-0.3307533819307271,1.0,-1.3307533819307271,3.0
53.0,36.0,1.0,0.4726192040314452,0.6666666666666666,-0.19404746263522143,1.0
53.0,36.0,6.0,0.3994991159835064,1.0,-0.6005008840164936,2.0
53.0,36.0,9.0,0.8675959615613091,0.3333333333333333,0.5342626282279759,2.0
53.0,36.0,11.0,0.12866376670250498,0.6666666666666666,-0.5380028999641616,5.0
53.0,36.0,13.0,-0.20671629807209332,1.0,-1.2067162980720934,1.0
53.0,36.0,15.0,0.30123592666572385,0.8333333333333333,-0.5320974066676094,2.0
53.0,36.0,18.0,0.30205736583568954,1.0,-0.6979426341643105,1.0
53.0,36.0,19.0,-0.33130570110289004,1.0,-1.33130570110289,3.0
53.0,37.0,1.0,0.4892247849593312,0.6666666666666666,-0.17744188170733544,1.0
53.0,37.0,4.0,-0.845331359478941,0.0,-0.845331359478941,3.0
53.0,37.0,5.0,0.9938880217308628,0.3333333333333333,0.6605546883975295,1.0
53.0,37.0,6.0,0.3816259475531054,1.0,-0.6183740524468946,1.0
53.0,37.0,7.0,-0.4276579307107175,0.0,-0.4276579307107175,2.0
53.0,37.0,9.0,0.8667352853419212,0.3333333333333333,0.533401952008588,1.0
53.0,37.0,11.0,0.11152271545309067,0.6666666666666666,-0.555143951213576,6.0
53.0,37.0,13.0,-0.2032662073970032,1.0,-1.2032662073970033,1.0
53.0,37.0,15.0,0.3016488389093508,1.0,-0.6983511610906492,2.0
53.0,37.0,16.0,-0.9299810236934654,,,1.0
53.0,37.0,18.0,0.2907088571118797,1.0,-0.7092911428881203,1.0
53.0,37.0,19.0,-0.3257340400849159,1.0,-1.325734040084916,3.0
53.0,38.0,1.0,0.4915173826764618,0.6666666666666666,-0.17514928399020485,1.0
53.0,38.0,4.0,-0.8468133659162406,0.0,-0.8468133659162406,3.0
53.0,38.0,5.0,0.996302946719722,0.3333333333333333,0.6629696133863887,1.0
53.0,38.0,6.0,0.3761466090043604,1.0,-0.6238533909956396,1.0
53.0,38.0,7.0,-0.44259385978259536,0.0,-0.44259385978259536,2.0
53.0,38.0,9.0,0.8582538509000199,0.3333333333333333,0.5249205175666867,1.0
53.0,38.0,11.0,0.1162990183986563,0.6666666666666666,-0.5503676482680103,6.0
53.0,38.0,13.0,-0.21160154153134936,1.0,-1.2116015415313495,1.0
53.0,38.0,15.0,0.2931500940044691,1.0,-0.7068499059955309,3.0
53.0,38.0,16.0,-0.919380557776584,,,2.0
53.0,38.0,18.0,0.2884951951059398,1.0,-0.7115048048940602,1.0
53.0,38.0,19.0,-0.3102342515322212,1.0,-1.3102342515322212,3.0
53.0,39.0,1.0,0.4812857450241508,0.6666666666666666,-0.18538092164251585,2.0
53.0,39.0,2.0,0.10542227749260724,,,1.0
53.0,39.0,4.0,-0.8476269576763219,0.0,-0.8476269576763219,4.0
53.0,39.0,5.0,0.9896065672203648,0.3333333333333333,0.6562732338870314,1.0
53.0,39.0,6.0,0.3908595793130505,1.0,-0.6091404206869495,2.0
53.0,39.0,7.0,-0.4515041320940657,0.0,-0.4515041320940657,3.0
53.0,39.0,8.0,-0.7830117308968509,,,1.0
53.0,39.0,9.0,0.8642520417258324,0.3333333333333333,0.5309187083924991,1.0
53.0,39.0,11.0,0.1253667005201622,0.6666666666666666,-0.5412999661465044,8.0
53.0,39.0,12.0,-0.9740064933854702,,,1.0
53.0,39.0,13.0,-0.20402602131875835,1.0,-1.2040260213187584,2.0
53.0,39.0,15.0,0.2908293379342235,1.0,-0.7091706620657765,4.0
53.0,39.0,16.0,-0.93188067390094,,,3.0
53.0,39.0,17.0,-0.1009272118689305,,,1.0
53.0,39.0,18.0,0.286047034028158,1.0,-0.713952965971842,2.0
53.0,39.0,19.0,-0.32511524873490805,1.0,-1.325115248734908,3.0
53.0,40.0,1.0,0.4868881032631434,0.6666666666666666,-0.17977856340352322,4.0
53.0,40.0,2.0,0.10725280125124637,,,3.0
53.0,40.0,4.0,-0.8494439792738364,0.0,-0.8494439792738364,6.0
53.0,40.0,5.0,0.9968758076412884,0.3333333333333333,0.663542474307955,1.0
53.0,40.0,6.0,0.3915556907310376,1.0,-0.6084443092689624,4.0
53.0,40.0,7.0,-0.4421344400950943,0.0,-0.4421344400950943,5.0
53.0,40.0,8.0,-0.7902326174245158,,,3.0
53.0,40.0,9.0,0.8612778733796179,0.3333333333333333,0.5279445400462845,1.0
53.0,40.0,11.0,0.12348216811702373,0.6666666666666666,-0.5431844985496429,10.0
53.0,40.0,12.0,-0.969459265566679,,,3.0
53.0,40.0,13.0,-0.19614976066265374,1.0,-1.1961497606626537,4.0
53.0,40.0,15.0,0.3016596867994852,1.0,-0.6983403132005148,6.0
53.0,40.0,16.0,-0.9289065055547256,,,5.0
53.0,40.0,17.0,-0.09520829651253604,,,3.0
53.0,40.0,18.0,0.2911293859592181,1.0,-0.7088706140407819,4.0
53.0,40.0,19.0,-0.3145466340699108,1.0,-1.3145466340699108,3.0
53.0,41.0,1.0,0.5039779155421358,0.6666666666666666,-0.16268875112453085,6.0
53.0,41.0,2.0,0.09960942402377217,,,5.0
53.0,41.0,4.0,-0.8551643948703559,0.0,-0.8551643948703559,9.0
53.0,41.0,5.0,1.0,0.3333333333333333,0.6666666666666667,1.0
53.0,41.0,6.0,0.37625993483533904,1.0,-0.623740065164661,7.0
53.0,41.0,7.0,-0.4327750189708249,0.0,-0.4327750189708249,7.0
53.0,41.0,8.0,-0.7865175612627382,,,6.0
53.0,41.0,9.0,0.8636967220734195,0.3333333333333333,0.5303633887400863,1.0
53.0,41.0,11.0,0.1230323268857052,0.6666666666666666,-0.5436343397809614,11.0
53.0,41.0,12.0,-0.9736735554808128,,,6.0
53.0,41.0,13.0,-0.20458387983907503,1.0,-1.2045838798390751,6.0
53.0,41.0,15.0,0.2964866280424077,1.0,-0.7035133719575923,8.0
53.0,41.0,16.0,-0.928215241066373,,,7.0
53.0,41.0,17.0,-0.10520428106213996,,,6.0
53.0,41.0,18.0,0.2740670396148215,1.0,-0.7259329603851785,7.0
53.0,41.0,19.0,-0.3039618629727985,1.0,-1.3039618629727985,3.0
53.0,42.0,1.0,0.4993008592509913,0.6666666666666666,-0.1673658074156753,6.0
53.0,42.0,2.0,0.12505995911614853,,,5.0
53.0,42.0,4.0,-0.8422337098301329,,,6.0
53.0,42.0,6.0,0.3772752511906857,,,6.0
53.0,42.0,7.0,-0.4388980759362696,,,5.0
53.0,42.0,8.0,-0.7821781744027994,,,6.0
53.0,42.0,9.0,0.8632743467766966,0.3333333333333333,0.5299410134433633,1.0
53.0,42.0,11.0,0.11197532635848616,0.6666666666666666,-0.5546913403081805,7.0
53.0,42.0,12.0,-0.9757226526853521,-0.3333333333333333,-0.6423893193520187,7.0
53.0,42.0,13.0,-0.21032149049548832,1.0,-1.2103214904954882,6.0
53.0,42.0,15.0,0.2782035478486298,0.8333333333333333,-0.5551297854847035,8.0
53.0,42.0,16.0,-0.9164969808533008,,,6.0
53.0,42.0,17.0,-0.10957805804186692,,,6.0
53.0,42.0,18.0,0.28163886692864315,1.0,-0.7183611330713568,7.0
53.0,42.0,19.0,-0.3025929515603045,1.0,-1.3025929515603045,1.0
53.0,43.0,1.0,0.4860694337672546,0.6666666666666666,-0.18059723289941204,4.0
53.0,43.0,2.0,0.11674585914972503,,,3.0
53.0,43.0,4.0,-0.8413070230452463,,,3.0
53.0,43.0,6.0,0.3873813302848455,,,3.0
53.0,43.0,7.0,-0.4491264823021577,,,2.0
53.0,43.0,8.0,-0.7851351476891195,,,3.0
53.0,43.0,9.0,0.8552069786092873,0.3333333333333333,0.521873645275954,1.0
53.0,43.0,11.0,0.12432207178083532,0.6666666666666666,-0.5423445948858313,4.0
53.0,43.0,12.0,-0.9833993814048354,-0.3333333333333333,-0.6500660480715021,4.0
53.0,43.0,13.0,-0.2137014160939644,1.0,-1.2137014160939643,3.0
53.0,43.0,15.0,0.2941854904968733,0.8333333333333333,-0.53914784283646,5.0
53.0,43.0,16.0,-0.9085699428391202,,,3.0
53.0,43.0,17.0,-0.09949598278970696,,,3.0
53.0,43.0,18.0,0.2765973676902169,1.0,-0.7234026323097831,4.0
53.0,43.0,19.0,-0.3183634757540135,1.0,-1.3183634757540135,1.0
53.0,44.0,1.0,0.4925260056527894,0.6666666666666666,-0.1741406610138772,2.0
53.0,44.0,2.0,0.12727846805172294,,,1.0
53.0,44.0,4.0,-0.8409531971819261,,,1.0
53.0,44.0,6.0,0.3798048868475621,,,1.0
53.0,44.0,7.0,-0.4487740412758757,,,1.0
53.0,44.0,8.0,-0.7915070137091366,,,1.0
53.0,44.0,9.0,0.854661583622317,0.3333333333333333,0.5213282502889838,1.0
53.0,44.0,11.0,0.12225566411331568,0.6666666666666666,-0.544411002553351,2.0
53.0,44.0,12.0,-0.9811751023149341,-0.3333333333333333,-0.6478417689816007,2.0
53.0,44.0,13.0,-0.2086929221382876,1.0,-1.2086929221382876,1.0
53.0,44.0,15.0,0.28822838316986776,0.8333333333333333,-0.5451049501634655,3.0
53.0,44.0,16.0,-0.9285697593482126,,,1.0
53.0,44.0,17.0,-0.10009538642117666,,,1.0
53.0,44.0,18.0,0.2999694931940742,1.0,-0.7000305068059258,2.0
53.0,44.0,19.0,-0.3078705655137841,1.0,-1.3078705655137841,1.0
53.0,45.0,1.0,0.5094692560118805,0.6666666666666666,-0.1571974106547861,1.0
53.0,45.0,2.0,0.11637610766046258,,,1.0
53.0,45.0,4.0,-0.8450383510422255,,,3.0
53.0,45.0,7.0,-0.4296634055485456,,,3.0
53.0,45.0,8.0,-0.7833797513398154,,,2.0
53.0,45.0,9.0,0.8705232762543897,0.3333333333333333,0.5371899429210565,2.0
53.0,45.0,11.0,0.11154648848891724,0.6666666666666666,-0.5551201781777494,3.0
53.0,45.0,12.0,-0.9786285024043364,-0.3333333333333333,-0.6452951690710031,1.0
53.0,45.0,13.0,-0.204227976720197,1.0,-1.204227976720197,1.0
53.0,45.0,14.0,0.2832812836562282,,,2.0
53.0,45.0,15.0,0.28692779038460325,0.8333333333333333,-0.54640554294873,2.0
53.0,45.0,16.0,-0.9196455232632716,,,2.0
53.0,45.0,17.0,-0.11447807309619963,,,2.0
53.0,45.0,18.0,0.2769922770523443,1.0,-0.7230077229476557,1.0
53.0,45.0,19.0,-0.2865318423946971,1.0,-1.2865318423946972,1.0
53.0,46.0,1.0,0.490434209306232,0.6666666666666666,-0.17623245736043464,1.0
53.0,46.0,2.0,0.13886009101033614,,,1.0
53.0,46.0,4.0,-0.8172506726413152,,,3.0
53.0,46.0,7.0,-0.4505386698721026,,,3.0
53.0,46.0,8.0,-0.7748175347373388,,,2.0
53.0,46.0,9.0,0.8888112033778022,0.3333333333333333,0.5554778700444689,2.0
53.0,46.0,11.0,0.12108224552941428,0.6666666666666666,-0.5455844211372524,3.0
53.0,46.0,12.0,-0.9903381073859188,-0.3333333333333333,-0.6570047740525855,1.0
53.0,46.0,13.0,-0.21796048240567426,1.0,-1.2179604824056742,1.0
53.0,46.0,14.0,0.267042222931182,,,2.0
53.0,46.0,15.0,0.29152314129048,0.8333333333333333,-0.5418101920428533,2.0
53.0,46.0,16.0,-0.9245505006503252,,,3.0
53.0,46.0,17.0,-0.10350577843449826,,,2.0
53.0,46.0,18.0,0.3096859714680871,1.0,-0.6903140285319129,1.0
53.0,46.0,19.0,-0.25593825334774256,1.0,-1.2559382533477426,1.0
53.0,47.0,1.0,0.4967765321360955,0.6666666666666666,-0.1698901345305711,1.0
53.0,47.0,2.0,0.10951308610414713,,,1.0
53.0,47.0,4.0,-0.8445510038077824,,,2.0
53.0,47.0,7.0,-0.4351395128108681,,,2.0
53.0,47.0,8.0,-0.7761979864584865,,,1.0
53.0,47.0,9.0,0.8677000551453649,0.3333333333333333,0.5343667218120316,1.0
53.0,47.0,10.0,0.9992224140029182,-0.5,1.4992224140029182,2.0
53.0,47.0,11.0,0.11913470304102702,0.6666666666666666,-0.5475319636256396,3.0
53.0,47.0,12.0,-0.96350827460326,-0.3333333333333333,-0.6301749412699267,1.0
53.0,47.0,13.0,-0.1989471314802944,1.0,-1.1989471314802944,1.0
53.0,47.0,14.0,0.283877917613621,,,2.0
53.0,47.0,15.0,0.2718418373002278,0.8333333333333333,-0.5614914960331054,2.0
53.0,47.0,16.0,-0.938319012098802,,,3.0
53.0,47.0,17.0,-0.12072922748769965,,,1.0
53.0,47.0,18.0,0.28485307369485313,1.0,-0.7151469263051469,1.0
53.0,47.0,19.0,-0.2868974393728443,1.0,-1.2868974393728443,1.0
53.0,48.0,1.0,0.4878247147134722,0.6666666666666666,-0.1788419519531944,1.0
53.0,48.0,2.0,0.132659252364566,,,1.0
53.0,48.0,4.0,-0.8199595292915826,,,1.0
53.0,48.0,7.0,-0.4540043399638754,,,1.0
53.0,48.0,8.0,-0.7720134705406791,,,1.0
53.0,48.0,9.0,0.8738752743059239,0.3333333333333333,0.5405419409725907,1.0
53.0,48.0,10.0,0.9896031051277688,-0.8,1.7896031051277688,1.0
53.0,48.0,11.0,0.1169494301943752,0.6666666666666666,-0.5497172364722914,2.0
53.0,48.0,12.0,-0.9840773745382362,-0.3333333333333333,-0.6507440412049028,1.0
53.0,48.0,13.0,-0.214016004907862,1.0,-1.214016004907862,1.0
53.0,48.0,14.0,0.2842423605609028,,,1.0
53.0,48.0,15.0,0.2824173761504174,0.8888888888888888,-0.6064715127384714,3.0
53.0,48.0,16.0,-0.9300688454423196,,,2.0
53.0,48.0,17.0,-0.1041737314993706,,,1.0
53.0,48.0,18.0,0.3092368226552877,1.0,-0.6907631773447123,1.0
53.0,48.0,19.0,-0.2891736498516868,1.0,-1.2891736498516868,1.0
53.0,49.0,1.0,0.4879087281604708,0.6666666666666666,-0.1787579385061958,1.0
53.0,49.0,8.0,-0.7890654306072874,,,1.0
53.0,49.0,9.0,0.8583674075371717,0.3333333333333333,0.5250340742038384,1.0
53.0,49.0,11.0,0.127398948874067,0.6666666666666666,-0.5392677177925996,1.0
53.0,49.0,13.0,-0.21720136090243825,1.0,-1.2172013609024384,1.0
53.0,49.0,15.0,0.29768381966213564,1.0,-0.7023161803378644,1.0
53.0,49.0,16.0,-0.9279075764376672,,,1.0
53.0,49.0,18.0,0.2929165181573197,1.0,-0.7070834818426803,1.0
53.0,49.0,19.0,-0.32644953922144115,1.0,-1.326449539221441,1.0
53.0,50.0,1.0,0.4789128267587906,0.6666666666666666,-0.18775383990787603,1.0
53.0,50.0,8.0,-0.7752644908914941,,,1.0
53.0,50.0,9.0,0.8478144876919436,0.3333333333333333,0.5144811543586103,1.0
53.0,50.0,11.0,0.1102823630789982,0.6666666666666666,-0.5563843035876684,1.0
53.0,50.0,13.0,-0.21510425601390004,1.0,-1.2151042560139,1.0
53.0,50.0,15.0,0.2905369065129406,1.0,-0.7094630934870594,1.0
53.0,50.0,18.0,0.3024868961237777,1.0,-0.6975131038762223,1.0
53.0,50.0,19.0,-0.34102818033740323,1.0,-1.3410281803374033,1.0
53.0,51.0,1.0,0.4687132711645365,0.6666666666666666,-0.19795339550213015,1.0
53.0,51.0,8.0,-0.7807561775704984,,,1.0
53.0,51.0,9.0,0.8514953845401063,0.3333333333333333,0.5181620512067731,1.0
53.0,51.0,11.0,0.11476415734772273,0.6666666666666666,-0.5519025093189439,1.0
53.0,51.0,13.0,-0.2010156164033716,1.0,-1.2010156164033716,1.0
53.0,51.0,15.0,0.2993077718958748,1.0,-0.7006922281041252,1.0
53.0,51.0,18.0,0.3229861771913993,1.0,-0.6770138228086007,1.0
53.0,51.0,19.0,-0.3562071483095265,1.0,-1.3562071483095264,1.0
53.0,52.0,1.0,0.469880227175592,0.6666666666666666,-0.1967864394910746,1.0
53.0,52.0,8.0,-0.7816484742355971,,,1.0
53.0,52.0,9.0,0.8604730522541137,0.3333333333333333,0.5271397189207805,1.0
53.0,52.0,11.0,0.12438208138583405,0.6666666666666666,-0.5422845852808326,1.0
53.0,52.0,13.0,-0.19945121216228512,1.0,-1.1994512121622851,1.0
53.0,52.0,15.0,0.2987605304595196,1.0,-0.7012394695404804,1.0
53.0,52.0,18.0,0.3179275982961658,1.0,-0.6820724017038342,1.0
53.0,52.0,19.0,-0.31563257711421777,1.0,-1.3156325771142177,1.0
53.0,53.0,1.0,0.4965295695309078,0.6666666666666666,-0.1701370971357588,3.0
53.0,53.0,4.0,-0.8301787034105478,-0.6666666666666666,-0.16351203674388115,3.0
53.0,53.0,5.0,0.9843268760113276,-0.6666666666666666,1.6509935426779943,3.0
53.0,53.0,6.0,0.3724754060154672,,,1.0
53.0,53.0,7.0,-0.4402818743469269,,,1.0
53.0,53.0,9.0,0.8751225508652087,0.3333333333333333,0.5417892175318755,1.0
53.0,53.0,11.0,0.10743744618970408,0.6666666666666666,-0.5592292204769626,3.0
53.0,53.0,12.0,-0.9880161972848076,,,2.0
53.0,53.0,13.0,-0.20484999935662784,1.0,-1.204849999356628,1.0
53.0,53.0,15.0,0.2980801138613014,1.0,-0.7019198861386986,1.0
53.0,53.0,16.0,-0.9296026169727131,,,2.0
53.0,53.0,17.0,-0.117576415163527,,,2.0
53.0,53.0,18.0,0.2804245956521079,1.0,-0.7195754043478921,1.0
53.0,53.0,19.0,-0.31546108812762474,1.0,-1.3154610881276247,1.0
53.0,54.0,1.0,0.4897819510611285,0.6666666666666666,-0.17688471560553815,6.0
53.0,54.0,4.0,-0.8203600934049502,-0.6666666666666666,-0.15369342673828357,6.0
53.0,54.0,5.0,0.9843215674693472,-0.6666666666666666,1.6509882341360138,6.0
53.0,54.0,6.0,0.3833274506609972,,,2.0
53.0,54.0,7.0,-0.43406372523817627,,,2.0
53.0,54.0,8.0,-0.7694799111788604,,,2.0
53.0,54.0,9.0,0.8657580520051316,0.3333333333333333,0.5324247186717983,1.0
53.0,54.0,11.0,0.10712285737580653,0.6666666666666666,-0.5595438092908601,6.0
53.0,54.0,12.0,-0.9966498483978504,,,5.0
53.0,54.0,13.0,-0.20858190436903967,1.0,-1.2085819043690398,1.0
53.0,54.0,14.0,0.2934591434702134,,,1.0
53.0,54.0,15.0,0.3096811245384525,1.0,-0.6903188754615475,1.0
53.0,54.0,16.0,-0.9318307043644696,,,5.0
53.0,54.0,17.0,-0.10232751292096233,,,3.0
53.0,54.0,18.0,0.2979854833303415,1.0,-0.7020145166696585,1.0
53.0,54.0,19.0,-0.3391173360305343,1.0,-1.3391173360305344,1.0
53.0,55.0,1.0,0.4848733961783922,0.6666666666666666,-0.18179327048827443,6.0
53.0,55.0,4.0,-0.8420539118213094,,,6.0
53.0,55.0,5.0,0.9909272401426868,,,6.0
53.0,55.0,6.0,0.38769522668022427,,,2.0
53.0,55.0,7.0,-0.44340733613959016,,,2.0
53.0,55.0,8.0,-0.7873325378598579,,,2.0
53.0,55.0,9.0,0.8661404978339124,0.3333333333333333,0.5328071645005792,1.0
53.0,55.0,11.0,0.11294240422366066,0.6666666666666666,-0.553724262443006,7.0
53.0,55.0,12.0,-0.987688337115958,,,5.0
53.0,55.0,13.0,-0.20819738128470067,1.0,-1.2081973812847007,1.0
53.0,55.0,14.0,0.29642615682506257,,,1.0
53.0,55.0,15.0,0.31315960437283064,1.0,-0.6868403956271694,1.0
53.0,55.0,16.0,-0.9281688490255854,,,5.0
53.0,55.0,17.0,-0.10607788242722004,,,3.0
53.0,55.0,18.0,0.3053472770266672,1.0,-0.6946527229733328,1.0
53.0,55.0,19.0,-0.3431959119149013,1.0,-1.3431959119149013,2.0
53.0,56.0,1.0,0.4899654419687212,0.6666666666666666,-0.1767012246979454,4.0
53.0,56.0,4.0,-0.8418931553217643,,,6.0
53.0,56.0,5.0,0.9929534875360916,,,6.0
53.0,56.0,6.0,0.38825146955732937,,,2.0
53.0,56.0,7.0,-0.4473428121966522,,,2.0
53.0,56.0,8.0,-0.7855530222654676,,,2.0
53.0,56.0,9.0,0.8698158553339219,0.3333333333333333,0.5364825220005887,1.0
53.0,56.0,11.0,0.1141993746422143,0.6666666666666666,-0.5524672920244523,7.0
53.0,56.0,12.0,-0.98807909196697,,,3.0
53.0,56.0,13.0,-0.20850712316896414,1.0,-1.2085071231689641,1.0
53.0,56.0,14.0,0.2975141771249272,,,1.0
53.0,56.0,15.0,0.30962826992481896,1.0,-0.690371730075181,1.0
53.0,56.0,16.0,-0.9277835181196404,,,3.0
53.0,56.0,17.0,-0.11767820068585212,,,2.0
53.0,56.0,18.0,0.28173234342873754,1.0,-0.7182676565712625,1.0
53.0,56.0,19.0,-0.33335710636915983,1.0,-1.3333571063691598,2.0
53.0,57.0,1.0,0.4917080285754198,0.6666666666666666,-0.17495863809124684,2.0
53.0,57.0,4.0,-0.8399024520790126,,,4.0
53.0,57.0,5.0,0.9892908243756016,,,4.0
53.0,57.0,6.0,0.38159848161850973,,,1.0
53.0,57.0,8.0,-0.7807724494057,,,2.0
53.0,57.0,9.0,0.8630857781332961,0.3333333333333333,0.5297524447999629,1.0
53.0,57.0,11.0,0.12060332272028852,0.6666666666666666,-0.5460633439463781,5.0
53.0,57.0,12.0,-0.9927480700420572,,,1.0
53.0,57.0,13.0,-0.21738900632114636,1.0,-1.2173890063211463,1.0
53.0,57.0,14.0,0.2955405535389828,,,1.0
53.0,57.0,15.0,0.30342973934077944,1.0,-0.6965702606592206,1.0
53.0,57.0,16.0,-0.9356677415887162,,,1.0
53.0,57.0,17.0,-0.1078160837166302,,,1.0
53.0,57.0,18.0,0.2915062924398457,1.0,-0.7084937075601543,1.0
53.0,57.0,19.0,-0.3407357489161198,1.0,-1.3407357489161198,1.0
53.0,58.0,1.0,0.4849915689390054,0.6666666666666666,-0.18167509772766122,1.0
53.0,58.0,4.0,-0.8344624659827762,,,3.0
53.0,58.0,5.0,0.9891031789568934,,,3.0
53.0,58.0,8.0,-0.7737989870955692,,,1.0
53.0,58.0,9.0,0.857202528781674,0.3333333333333333,0.5238691954483408,1.0
53.0,58.0,11.0,0.11154625768274418,0.6666666666666666,-0.5551204089839225,4.0
53.0,58.0,13.0,-0.21292775380182485,1.0,-1.2129277538018248,1.0
53.0,58.0,15.0,0.31055264864797505,1.0,-0.689447351352025,1.0
53.0,58.0,18.0,0.3013889511584711,1.0,-0.6986110488415289,1.0
53.0,58.0,19.0,-0.3572722033951705,1.0,-1.3572722033951705,1.0
53.0,59.0,1.0,0.48803636397418,0.6666666666666666,-0.17863030269248664,1.0
53.0,59.0,4.0,-0.8506553654732083,,,1.0
53.0,59.0,5.0,0.9922008286057016,,,1.0
53.0,59.0,8.0,-0.7909027631480323,,,1.0
53.0,59.0,9.0,0.8670321020804925,0.3333333333333333,0.5336987687471593,1.0
53.0,59.0,11.0,0.11956631058467293,0.6666666666666666,-0.5471003560819937,2.0
53.0,59.0,13.0,-0.21295175764382449,1.0,-1.2129517576438245,1.0
53.0,59.0,15.0,0.31376270090306946,1.0,-0.6862372990969305,1.0
53.0,59.0,18.0,0.2989890285708614,1.0,-0.7010109714291386,1.0
53.0,59.0,19.0,-0.3454778925480707,1.0,-1.3454778925480708,1.0
53.0,60.0,1.0,0.4797737337843517,0.6666666666666666,-0.18689293288231495,1.0
53.0,60.0,9.0,0.8770340875905964,0.3333333333333333,0.5437007542572632,1.0
53.0,60.0,11.0,0.11235638735022913,0.6666666666666666,-0.5543102793164375,1.0
53.0,60.0,13.0,-0.21385259413732705,1.0,-1.213852594137327,1.0
53.0,60.0,15.0,0.3099359345535249,1.0,-0.6900640654464751,1.0
53.0,60.0,18.0,0.3229487865913616,1.0,-0.6770512134086384,1.0
53.0,60.0,19.0,-0.3309474899222812,1.0,-1.330947489922281,1.0
53.0,61.0,1.0,0.4980191925719189,0.6666666666666666,-0.16864747409474773,1.0
53.0,61.0,9.0,0.8640526251922975,0.3333333333333333,0.5307192918589643,1.0
53.0,61.0,11.0,0.11686403191033826,0.6666666666666666,-0.5498026347563284,1.0
53.0,61.0,13.0,-0.21704418189857574,1.0,-1.2170441818985758,1.0
53.0,61.0,15.0,0.30982422436575763,1.0,-0.6901757756342424,1.0
53.0,61.0,18.0,0.28894595956195057,1.0,-0.7110540404380494,1.0
53.0,61.0,19.0,-0.3405674912159499,1.0,-1.34056749121595,1.0
53.0,62.0,1.0,0.4850402690415237,0.6666666666666666,-0.18162639762514293,1.0
53.0,62.0,9.0,0.8606738536246871,0.3333333333333333,0.5273405202913537,1.0
53.0,62.0,10.0,0.9774354652957242,,,1.0
53.0,62.0,11.0,0.1073855148007632,0.6666666666666666,-0.5592811518659034,1.0
53.0,62.0,13.0,-0.20591470823301194,1.0,-1.205914708233012,1.0
53.0,62.0,15.0,0.3045634592629125,1.0,-0.6954365407370875,1.0
53.0,62.0,16.0,-0.9339313867486906,,,1.0
53.0,62.0,18.0,0.2882731595674439,1.0,-0.7117268404325561,1.0
53.0,62.0,19.0,-0.3457218546730085,1.0,-1.3457218546730085,1.0
53.0,63.0,1.0,0.4878196369776646,0.6666666666666666,-0.178847029689002,1.0
53.0,63.0,9.0,0.8656719613025754,0.3333333333333333,0.5323386279692421,1.0
53.0,63.0,10.0,0.9775857201143944,,,2.0
53.0,63.0,11.0,0.11369321670466605,0.6666666666666666,-0.5529734499620006,2.0
53.0,63.0,13.0,-0.20281613535951148,1.0,-1.2028161353595115,1.0
53.0,63.0,15.0,0.3080850998516551,1.0,-0.6919149001483449,1.0
53.0,63.0,16.0,-0.9287372092267768,,,2.0
53.0,63.0,18.0,0.30086086663448075,1.0,-0.6991391333655192,1.0
53.0,63.0,19.0,-0.3524503162304228,1.0,-1.3524503162304229,1.0
53.0,64.0,1.0,0.4846165089077623,0.6666666666666666,-0.18205015775890432,1.0
53.0,64.0,9.0,0.8791755072643646,0.3333333333333333,0.5458421739310313,1.0
53.0,64.0,10.0,0.9787002831241624,,,2.0
53.0,64.0,11.0,0.11580878608705004,0.6666666666666666,-0.5508578805796166,3.0
53.0,64.0,13.0,-0.2050810363358735,1.0,-1.2050810363358735,1.0
53.0,64.0,15.0,0.3103793132119974,1.0,-0.6896206867880026,1.0
53.0,64.0,16.0,-0.9274515034396756,,,4.0
53.0,64.0,18.0,0.3236375122118105,1.0,-0.6763624877881895,1.0
53.0,64.0,19.0,-0.3236094692617825,1.0,-1.3236094692617826,1.0
53.0,65.0,1.0,0.4941848096186625,0.6666666666666666,-0.17248185704800412,1.0
53.0,65.0,3.0,-0.2823413255163899,0.6666666666666666,-0.9490079921830565,1.0
53.0,65.0,5.0,0.9819375705076796,,,1.0
53.0,65.0,8.0,-0.7842600460839145,,,1.0
53.0,65.0,9.0,0.8747098694277549,0.3333333333333333,0.5413765360944216,1.0
53.0,65.0,10.0,0.99350396025887,-0.6,1.5935039602588699,5.0
53.0,65.0,11.0,0.12578330566255835,0.6666666666666666,-0.5408833610041083,6.0
53.0,65.0,12.0,-0.9731099268061694,-0.3333333333333333,-0.6397765934728361,1.0
53.0,65.0,13.0,-0.20204085742416045,1.0,-1.2020408574241603,1.0
53.0,65.0,15.0,0.3018540255972124,1.0,-0.6981459744027876,2.0
53.0,65.0,16.0,-0.9350374099300548,,,6.0
53.0,65.0,18.0,0.27670099966192674,1.0,-0.7232990003380733,1.0
53.0,65.0,19.0,-0.31736108454435885,1.0,-1.3173610845443589,1.0
53.0,66.0,1.0,0.4885399830438244,0.6666666666666666,-0.17812668362284223,1.0
53.0,66.0,3.0,-0.2788910040351267,0.6666666666666666,-0.9455576707017933,1.0
53.0,66.0,5.0,0.9809591831400246,,,1.0
53.0,66.0,8.0,-0.7684776353722926,,,2.0
53.0,66.0,9.0,0.8686428983623666,0.3333333333333333,0.5353095650290334,1.0
53.0,66.0,10.0,0.9897835955551116,-0.6,1.5897835955551116,6.0
53.0,66.0,11.0,0.1139902642494106,0.6666666666666666,-0.552676402417256,8.0
53.0,66.0,12.0,-0.9847128993357918,-0.3333333333333333,-0.6513795660024584,1.0
53.0,66.0,13.0,-0.21076440754161474,1.0,-1.2107644075416149,1.0
53.0,66.0,15.0,0.29755410659286863,1.0,-0.7024458934071314,2.0
53.0,66.0,16.0,-0.9449274544462186,,,7.0
53.0,66.0,18.0,0.2875456585099188,1.0,-0.7124543414900812,1.0
53.0,66.0,19.0,-0.33597721804588065,1.0,-1.3359772180458807,1.0
53.0,67.0,1.0,0.4933864510660042,0.6666666666666666,-0.17328021560066242,1.0
53.0,67.0,5.0,0.9899927059479154,,,1.0
53.0,67.0,8.0,-0.7824722214672937,,,2.0
53.0,67.0,9.0,0.8622170236978508,0.3333333333333333,0.5288836903645175,1.0
53.0,67.0,10.0,0.9747306477534856,,,6.0
53.0,67.0,11.0,0.1099243827045624,0.6666666666666666,-0.5567422839621042,8.0
53.0,67.0,13.0,-0.2091185287214332,1.0,-1.2091185287214332,1.0
53.0,67.0,15.0,0.30861249195712603,1.0,-0.691387508042874,2.0
53.0,67.0,16.0,-0.9280032455964058,,,5.0
53.0,67.0,18.0,0.2960649451642039,1.0,-0.7039350548357961,1.0
53.0,67.0,19.0,-0.3432612300618809,1.0,-1.343261230061881,1.0
53.0,68.0,1.0,0.4927120354282859,0.6666666666666666,-0.17395463123838073,1.0
53.0,68.0,5.0,0.9901738887937774,,,1.0
53.0,68.0,8.0,-0.7807060926309417,,,2.0
53.0,68.0,9.0,0.863260036793966,0.3333333333333333,0.5299267034606328,1.0
53.0,68.0,10.0,0.9762451978611884,,,7.0
53.0,68.0,11.0,0.1062628735749378,0.6666666666666666,-0.5604037930917288,8.0
53.0,68.0,13.0,-0.20714929045277766,1.0,-1.2071492904527776,1.0
53.0,68.0,15.0,0.3071581822605953,1.0,-0.6928418177394047,2.0
53.0,68.0,16.0,-0.9234249743473362,,,4.0
53.0,68.0,18.0,0.2939429132089739,1.0,-0.7060570867910261,1.0
53.0,68.0,19.0,-0.3303739365821956,1.0,-1.3303739365821956,1.0
53.0,69.0,1.0,0.4796807188966034,0.6666666666666666,-0.18698594777006322,1.0
53.0,69.0,4.0,-0.8352881750669439,,,2.0
53.0,69.0,7.0,-0.4485539675898512,,,2.0
53.0,69.0,8.0,-0.7836039795369553,,,3.0
53.0,69.0,9.0,0.8638435147994938,0.3333333333333333,0.5305101814661606,1.0
53.0,69.0,10.0,0.9746099361249688,,,7.0
53.0,69.0,11.0,0.11962585857732574,0.6666666666666666,-0.5470408080893409,6.0
53.0,69.0,13.0,-0.2113259589607006,1.0,-1.2113259589607006,1.0
53.0,69.0,15.0,0.3066938002403732,1.0,-0.6933061997596268,1.0
53.0,69.0,16.0,-0.9291757409556148,,,4.0
53.0,69.0,17.0,-0.09971409462326053,,,2.0
53.0,69.0,18.0,0.3058818241235035,1.0,-0.6941181758764965,1.0
53.0,69.0,19.0,-0.35096704035917115,1.0,-1.3509670403591711,2.0
53.0,70.0,1.0,0.4872483916993098,0.6666666666666666,-0.17941827496735685,1.0
53.0,70.0,4.0,-0.835695086350071,,,2.0
53.0,70.0,7.0,-0.4438321349011304,,,4.0
53.0,70.0,8.0,-0.7823580878147093,,,5.0
53.0,70.0,9.0,0.8661012607844905,0.3333333333333333,0.5327679274511572,1.0
53.0,70.0,10.0,0.9759700769028858,,,8.0
53.0,70.0,11.0,0.12275997560147946,0.6666666666666666,-0.5439066910651872,5.0
53.0,70.0,13.0,-0.21813404864782493,1.0,-1.218134048647825,2.0
53.0,70.0,15.0,0.3094927867012254,1.0,-0.6905072132987746,1.0
53.0,70.0,16.0,-0.9278534523900815,,,6.0
53.0,70.0,17.0,-0.10194183580575787,,,4.0
53.0,70.0,18.0,0.2996976035221945,1.0,-0.7003023964778055,1.0
53.0,70.0,19.0,-0.3342136280774325,1.0,-1.3342136280774324,3.0
53.0,71.0,1.0,0.4783581995248976,0.6666666666666666,-0.18830846714176902,1.0
53.0,71.0,4.0,-0.8336284478763781,,,2.0
53.0,71.0,7.0,-0.4372925881963762,,,4.0
53.0,71.0,8.0,-0.7802780625829788,,,5.0
53.0,71.0,9.0,0.8624706796820576,0.3333333333333333,0.5291373463487243,1.0
53.0,71.0,10.0,0.9713717255167592,,,8.0
53.0,71.0,11.0,0.11004163224048336,0.6666666666666666,-0.5566250344261833,5.0
53.0,71.0,13.0,-0.20649380092125125,1.0,-1.2064938009212511,1.0
53.0,71.0,15.0,0.3057382626838523,1.0,-0.6942617373161477,1.0
53.0,71.0,16.0,-0.9363467733498959,,,7.0
53.0,71.0,17.0,-0.08986790327998072,,,5.0
53.0,71.0,18.0,0.3237141398612704,1.0,-0.6762858601387296,1.0
53.0,71.0,19.0,-0.3556318639231427,1.0,-1.3556318639231426,1.0
53.0,72.0,1.0,0.4956478899497703,0.6666666666666666,-0.1710187767168963,1.0
53.0,72.0,4.0,-0.8343782217296051,,,1.0
53.0,72.0,7.0,-0.43944139366768253,,,2.0
53.0,72.0,8.0,-0.7772172265187753,,,3.0
53.0,72.0,9.0,0.8732707929386467,0.3333333333333333,0.5399374596053135,1.0
53.0,72.0,10.0,0.9797255241449512,,,7.0
53.0,72.0,11.0,0.11047854832610993,0.6666666666666666,-0.5561881183405567,5.0
53.0,72.0,13.0,-0.21067670119584714,1.0,-1.210676701195847,1.0
53.0,72.0,15.0,0.3045563042715471,1.0,-0.6954436957284529,1.0
53.0,72.0,16.0,-0.929663780608577,,,5.0
53.0,72.0,17.0,-0.10735031685936958,,,4.0
53.0,72.0,18.0,0.3011759170607249,1.0,-0.6988240829392751,1.0
53.0,72.0,19.0,-0.3271998900901004,1.0,-1.3271998900901005,1.0
53.0,73.0,1.0,0.4894842110978648,0.6666666666666666,-0.17718245556880186,1.0
53.0,73.0,8.0,-0.7848219437122599,,,1.0
53.0,73.0,9.0,0.8765623197728359,0.3333333333333333,0.5432289864395026,1.0
53.0,73.0,10.0,0.9825385897823606,,,7.0
53.0,73.0,11.0,0.12964100003929468,0.6666666666666666,-0.537025666627372,6.0
53.0,73.0,13.0,-0.2089682739027633,1.0,-1.2089682739027632,1.0
53.0,73.0,15.0,0.3018484862490587,1.0,-0.6981515137509413,1.0
53.0,73.0,16.0,-0.9310098422099368,,,3.0
53.0,73.0,17.0,-0.12270746719710544,,,2.0
53.0,73.0,18.0,0.2855177954733024,1.0,-0.7144822045266976,1.0
53.0,73.0,19.0,-0.33190279667262895,1.0,-1.331902796672629,1.0
53.0,74.0,1.0,0.4773948145584917,0.6666666666666666,-0.18927185210817493,1.0
53.0,74.0,9.0,0.8814567954790149,0.3333333333333333,0.5481234621456816,1.0
53.0,74.0,10.0,0.97441698216428,,,7.0
53.0,74.0,11.0,0.12429599068327812,0.6666666666666666,-0.5423706759833885,5.0
53.0,74.0,13.0,-0.2114457473645253,1.0,-1.2114457473645253,1.0
53.0,74.0,15.0,0.3149772029857778,1.0,-0.6850227970142222,1.0
53.0,74.0,16.0,-0.9280966066934137,,,2.0
53.0,74.0,17.0,-0.1047539782184752,,,1.0
53.0,74.0,18.0,0.3019650433664605,1.0,-0.6980349566335395,1.0
53.0,74.0,19.0,-0.3355465337269271,1.0,-1.335546533726927,1.0
53.0,75.0,1.0,0.486296085429212,0.6666666666666666,-0.18037058123745464,1.0
53.0,75.0,3.0,-0.2738732778325269,,,1.0
53.0,75.0,9.0,0.8600086702338914,0.3333333333333333,0.5266753369005581,1.0
53.0,75.0,10.0,0.9697438495780776,,,7.0
53.0,75.0,11.0,0.11787080843728125,0.6666666666666666,-0.5487958582293854,4.0
53.0,75.0,13.0,-0.2142608902574925,1.0,-1.2142608902574925,1.0
53.0,75.0,15.0,0.31331078241619337,1.0,-0.6866892175838066,1.0
53.0,75.0,16.0,-0.9229667086907006,,,2.0
53.0,75.0,17.0,-0.09924763534748073,,,1.0
53.0,75.0,18.0,0.3031596961182845,1.0,-0.6968403038817155,1.0
53.0,75.0,19.0,-0.3363654340289889,1.0,-1.336365434028989,1.0
53.0,76.0,1.0,0.4895899203251319,0.6666666666666666,-0.17707674634153475,1.0
53.0,76.0,3.0,-0.2762981274868284,,,1.0
53.0,76.0,9.0,0.8650215495068567,0.3333333333333333,0.5316882161735235,1.0
53.0,76.0,10.0,0.977180886086825,,,7.0
53.0,76.0,11.0,0.1184198963230212,0.6666666666666666,-0.5482467703436454,4.0
53.0,76.0,13.0,-0.20940518998838986,1.0,-1.2094051899883898,1.0
53.0,76.0,15.0,0.3049581378188666,1.0,-0.6950418621811334,1.0
53.0,76.0,16.0,-0.9306962920238172,,,3.0
53.0,76.0,17.0,-0.11111845844095393,,,1.0
53.0,76.0,18.0,0.3099440127695823,1.0,-0.6900559872304177,1.0
53.0,76.0,19.0,-0.31707003796011424,1.0,-1.3170700379601143,1.0
53.0,77.0,1.0,0.3907704881302443,0.6666666666666666,-0.27589617853642234,1.0
53.0,77.0,3.0,-0.2342221621356818,,,4.0
53.0,77.0,4.0,-0.7881303193970834,,,1.0
53.0,77.0,5.0,0.7781269490499412,,,1.0
53.0,77.0,8.0,-0.6404247549083674,,,2.0
53.0,77.0,9.0,0.7906894982441133,0.3333333333333333,0.45735616491077996,4.0
53.0,77.0,10.0,0.9299990265749652,,,7.0
53.0,77.0,11.0,0.20803639397898244,0.6666666666666666,-0.4586302726876842,6.0
53.0,77.0,12.0,-0.9141254474249793,,,2.0
53.0,77.0,13.0,-0.1959734247464262,1.0,-1.1959734247464262,1.0
53.0,77.0,14.0,0.16667708179522656,,,1.0
53.0,77.0,15.0,0.27892550955800105,1.0,-0.721074490441999,1.0
53.0,77.0,16.0,-0.8903653367441872,,,5.0
53.0,77.0,17.0,-0.17463031631005088,,,3.0
53.0,77.0,18.0,0.01818008293904416,1.0,-0.9818199170609558,1.0
53.0,77.0,19.0,-0.3207453954601234,1.0,-1.3207453954601234,1.0
53.0,78.0,1.0,0.3658240337198586,0.6666666666666666,-0.300842632946808,1.0
53.0,78.0,3.0,-0.2481157705299638,,,6.0
53.0,78.0,4.0,-0.7458230862605182,,,3.0
53.0,78.0,5.0,0.7389496784264142,,,1.0
53.0,78.0,8.0,-0.6172645094713908,,,2.0
53.0,78.0,9.0,0.7913392176213128,0.3333333333333333,0.45800588428797945,7.0
53.0,78.0,10.0,0.9027602052536216,,,7.0
53.0,78.0,11.0,0.21177914688152866,0.6666666666666666,-0.454887519785138,9.0
53.0,78.0,12.0,-0.9492857674123496,,,4.0
53.0,78.0,13.0,-0.1968682602794289,1.0,-1.196868260279429,1.0
53.0,78.0,14.0,0.13287644097342732,,,1.0
53.0,78.0,15.0,0.2913131076729838,1.0,-0.7086868923270162,1.0
53.0,78.0,16.0,-0.8559844492032831,,,5.0
53.0,78.0,17.0,-0.13117597649331447,,,5.0
53.0,78.0,18.0,0.049645196095521316,1.0,-0.9503548039044787,1.0
53.0,78.0,19.0,-0.28706615868536034,1.0,-1.2870661586853602,1.0
53.0,79.0,1.0,0.3730831186691671,0.6666666666666666,-0.2935835479974995,1.0
53.0,79.0,3.0,-0.3214327362435337,,,7.0
53.0,79.0,4.0,-0.7126403135640342,,,6.0
53.0,79.0,5.0,0.5967816156420571,,,1.0
53.0,79.0,8.0,-0.629395220315744,,,2.0
53.0,79.0,9.0,0.700508448688816,0.3333333333333333,0.3671751153554827,6.0
53.0,79.0,10.0,0.8372587981726383,,,8.0
53.0,79.0,11.0,0.09636036552542816,0.6666666666666666,-0.5703063011412385,7.0
53.0,79.0,12.0,-0.9754001010584828,,,4.0
53.0,79.0,13.0,-0.21954173549739509,1.0,-1.219541735497395,1.0
53.0,79.0,14.0,-0.0020346141171783128,,,1.0
53.0,79.0,15.0,0.20005350087091836,1.0,-0.7999464991290817,1.0
53.0,79.0,16.0,-0.7596338352386671,,,3.0
53.0,79.0,17.0,-0.19337270078824345,,,7.0
53.0,79.0,18.0,-0.11446514795050755,1.0,-1.1144651479505074,1.0
53.0,79.0,19.0,-0.20798457799312764,1.0,-1.2079845779931278,1.0
